id,x,y,true_label,typology,kmeans_cluster,kmeans_matched
0,2.2099123,39.047054,1,t2,4,1
1,-40.59347,-3.8447726,2,t3,1,2
2,-17.722841,-33.299583,6,t7,3,6
3,-38.464485,-6.0785074,2,t3,1,2
4,36.320763,11.848828,4,t5,7,4
5,-43.368694,-5.711027,2,t3,1,2
6,37.877544,12.9314995,4,t5,7,4
7,33.579525,-11.805225,5,t6,0,5
8,-1.4336469,14.047625,3,t4,2,3
9,0.011930631,11.267644,7,t8,2,3
10,7.0425544,39.802692,1,t2,4,1
11,-40.691612,4.167843,2,t3,1,2
12,45.49681,-11.589199,5,t6,0,5
13,18.87544,23.127747,4,t5,7,4
14,19.29858,-37.797413,7,t8,6,7
15,-12.165093,-21.486135,6,t7,3,6
16,6.457867,-29.385286,7,t8,6,7
17,42.61638,-6.9890676,5,t6,0,5
18,4.1287556,-13.539911,3,t4,2,3
19,7.054239,39.799103,1,t2,4,1
20,-35.90902,21.131762,0,t1,5,0
21,-20.784513,22.349167,0,t1,5,0
22,38.032055,7.754875,4,t5,7,4
23,0.32014164,14.6612625,3,t4,2,3
24,-11.277913,-20.23452,6,t7,3,6
25,20.858164,23.503378,4,t5,7,4
26,-42.25805,0.7070398,2,t3,1,2
27,35.35266,20.340664,4,t5,7,4
28,-6.267807,3.3531294,3,t4,2,3
29,-45.071323,-0.16252846,2,t3,1,2
30,-20.038399,-30.804174,6,t7,3,6
31,-38.03143,-9.351773,2,t3,1,2
32,-1.2362465,-5.589451,3,t4,2,3
33,-43.055794,-2.9806547,2,t3,1,2
34,-44.236202,-10.201119,2,t3,1,2
35,3.995027,-13.154195,3,t4,2,3
36,-34.15116,-14.394389,6,t7,1,2
37,-10.015043,-18.577452,6,t7,3,6
38,23.07177,-9.136744,5,t6,0,5
39,-37.863785,-9.549606,2,t3,1,2
40,42.550938,-7.3013763,5,t6,0,5
41,34.137634,-13.872242,5,t6,0,5
42,36.576508,12.029258,4,t5,7,4
43,-37.068142,21.138409,0,t1,5,0
44,11.335827,36.19775,1,t2,4,1
45,-14.79379,-28.180319,6,t7,3,6
46,-4.125419,4.452832,3,t4,2,3
47,-24.697002,14.448833,0,t1,5,0
48,-35.493984,23.919708,0,t1,5,0
49,7.7492485,-25.757124,7,t8,6,7
50,19.925081,21.628824,4,t5,7,4
51,38.685966,-14.025017,5,t6,0,5
52,-37.722244,18.83906,0,t1,5,0
53,16.03304,-37.470722,7,t8,6,7
54,-1.464211,-5.784917,3,t4,2,3
55,-39.5503,-7.2606287,2,t3,1,2
56,0.38901022,42.292522,1,t2,4,1
57,0.38244364,44.924503,1,t2,4,1
58,-16.666409,-33.128407,6,t7,3,6
59,-0.2646661,10.28332,7,t8,2,3
60,-43.610146,-6.002161,2,t3,1,2
61,-19.224062,-28.917137,6,t7,3,6
62,33.164707,-13.819925,5,t6,0,5
63,10.228831,-32.02253,7,t8,6,7
64,-15.064291,-28.388199,6,t7,3,6
65,32.922676,-12.652311,5,t6,0,5
66,-19.847195,23.420607,0,t1,5,0
67,-22.86778,18.21223,0,t1,5,0
68,0.412586,15.435759,3,t4,2,3
69,23.468847,-11.232806,5,t6,0,5
70,33.65814,-13.7848625,5,t6,0,5
71,28.08938,-13.033878,5,t6,0,5
72,10.311604,-32.253998,7,t8,6,7
73,-24.057278,15.595664,0,t1,5,0
74,-30.538458,17.663511,0,t1,5,0
75,-45.272312,-0.03745189,2,t3,1,2
76,-15.42157,-33.618946,6,t7,3,6
77,37.156944,15.578631,4,t5,7,4
78,8.124525,-25.146599,7,t8,6,7
79,-30.136726,15.653506,0,t1,5,0
80,-5.5622253,-2.993987,7,t8,2,3
81,0.62700945,44.184998,1,t2,4,1
82,11.769135,33.568485,1,t2,4,1
83,0.5511727,10.453511,7,t8,2,3
84,8.561112,-25.19993,7,t8,6,7
85,-17.446472,-34.642242,6,t7,3,6
86,35.95915,-13.874763,5,t6,0,5
87,-43.73148,-4.770387,2,t3,1,2
88,15.69457,31.496761,1,t2,4,1
89,5.939263,-29.394388,7,t8,6,7
90,36.44591,17.54963,4,t5,7,4
91,-38.43908,-7.9632545,2,t3,1,2
92,-11.529477,-20.07471,6,t7,3,6
93,4.5481725,-13.556992,3,t4,2,3
94,15.140356,34.157013,1,t2,4,1
95,6.023956,-29.297195,7,t8,6,7
96,-2.7784345,7.5888996,3,t4,2,3
97,34.808483,20.176264,4,t5,7,4
98,-31.397663,-13.998791,6,t7,3,6
99,36.629932,12.091024,4,t5,7,4
100,-32.535732,-14.201578,6,t7,3,6
101,-30.948645,19.102016,0,t1,5,0
102,-45.184486,-1.1336887,2,t3,1,2
103,21.349598,-0.597742,5,t6,0,5
104,-29.6408,14.917551,0,t1,5,0
105,23.173536,-11.221426,5,t6,0,5
106,18.929266,-1.112814,5,t6,0,5
107,8.1061535,39.416267,1,t2,4,1
108,-30.126286,15.813304,0,t1,5,0
109,-15.556666,-28.648767,6,t7,3,6
110,33.07815,-14.010061,5,t6,0,5
111,-34.103687,-8.439225,2,t3,1,2
112,-16.356897,-33.199074,6,t7,3,6
113,18.220943,22.510002,4,t5,7,4
114,-20.027683,23.03227,0,t1,5,0
115,2.4698324,43.826244,1,t2,4,1
116,37.989708,10.125297,4,t5,7,4
117,-21.074411,20.076433,0,t1,5,0
118,30.92803,23.41054,4,t5,7,4
119,-19.49292,23.484043,0,t1,5,0
120,-1.1321794,11.10203,7,t8,2,3
121,-30.70867,18.357754,0,t1,5,0
122,-15.747174,-29.697165,6,t7,3,6
123,19.05162,23.547073,4,t5,7,4
124,35.917305,11.72023,4,t5,7,4
125,-24.619831,21.73963,0,t1,5,0
126,-10.861068,-20.182508,6,t7,3,6
127,5.735937,-29.622414,7,t8,6,7
128,18.434675,22.348063,4,t5,7,4
129,42.58799,-7.327282,5,t6,0,5
130,-1.2159253,42.843075,1,t2,4,1
131,7.805621,-25.24982,7,t8,6,7
132,39.18939,8.948523,4,t5,7,4
133,11.544466,-29.70283,7,t8,6,7
134,28.534847,-13.439175,5,t6,0,5
135,-4.2646003,-4.3087735,3,t4,2,3
136,-24.26893,21.566347,0,t1,5,0
137,4.7769575,-12.985487,3,t4,2,3
138,-2.4477756,4.661577,3,t4,2,3
139,-40.79877,4.4290085,2,t3,1,2
140,-38.09984,-5.918444,2,t3,1,2
141,-14.212383,-30.247591,6,t7,3,6
142,9.198564,-36.060143,7,t8,6,7
143,-13.611979,-29.036486,6,t7,3,6
144,-16.558298,-33.73951,6,t7,3,6
145,29.93138,-13.954039,5,t6,0,5
146,-0.025027623,16.959444,3,t4,2,3
147,32.68702,-11.920961,5,t6,0,5
148,-23.640335,16.779734,0,t1,5,0
149,-17.788958,-34.161766,6,t7,3,6
150,-42.232372,1.631428,2,t3,1,2
151,-36.12812,23.174173,0,t1,5,0
152,8.026563,39.442898,1,t2,4,1
153,-36.892773,22.88992,0,t1,5,0
154,-0.2666685,16.695248,3,t4,2,3
155,21.29607,-0.4697063,5,t6,0,5
156,4.633319,-12.77555,3,t4,2,3
157,4.8959293,-13.925575,3,t4,2,3
158,-37.764645,-10.756862,2,t3,1,2
159,-37.42539,20.865927,0,t1,5,0
160,9.971063,34.065857,1,t2,4,1
161,42.473648,-7.847646,5,t6,0,5
162,33.364235,-12.592279,5,t6,0,5
163,-19.310284,-29.483742,6,t7,3,6
164,-23.561993,16.430387,0,t1,5,0
165,19.342375,26.223022,4,t5,7,4
166,10.435554,33.71057,1,t2,4,1
167,31.037716,23.590244,4,t5,7,4
168,-4.785068,-5.6546245,3,t4,2,3
169,-15.353029,-28.569286,6,t7,3,6
170,-43.415665,-10.362765,2,t3,1,2
171,-4.708612,2.9975402,3,t4,2,3
172,-39.61018,-6.4186935,2,t3,1,2
173,-39.017662,-0.8009567,2,t3,1,2
174,-20.67073,23.648142,0,t1,5,0
175,31.917559,-12.07201,5,t6,0,5
176,-14.783469,-32.896385,6,t7,3,6
177,11.097357,33.637543,1,t2,4,1
178,-6.2920184,3.747273,3,t4,2,3
179,8.978001,-36.17864,7,t8,6,7
180,-39.010136,-7.256776,2,t3,1,2
181,-0.45287463,16.75987,3,t4,2,3
182,18.265713,22.333698,4,t5,7,4
183,21.548252,21.795818,4,t5,7,4
184,23.197556,-11.477826,5,t6,0,5
185,-34.385105,-14.074484,6,t7,1,2
186,-44.630764,-7.295288,2,t3,1,2
187,-5.4916434,-3.2245798,7,t8,2,3
188,-44.191967,-7.135797,2,t3,1,2
189,46.290207,-11.03505,5,t6,0,5
190,-2.534209,8.073058,3,t4,2,3
191,18.218618,-36.209175,7,t8,6,7
192,31.052519,23.596354,4,t5,7,4
193,36.551735,11.288655,4,t5,7,4
194,-43.796032,-10.300216,2,t3,1,2
195,5.60546,-34.64469,7,t8,6,7
196,8.242829,-35.901245,7,t8,6,7
197,21.372044,-0.9270099,5,t6,0,5
198,30.614805,24.505753,4,t5,4,1
199,37.23724,8.105744,4,t5,7,4
200,-12.230196,-21.585218,6,t7,3,6
201,8.463297,-36.419132,7,t8,6,7
202,23.414318,-11.580585,5,t6,0,5
203,-20.179829,21.665598,0,t1,5,0
204,42.516262,-7.1422396,5,t6,0,5
205,-5.8063283,-9.524114,3,t4,2,3
206,39.19589,9.170836,4,t5,7,4
207,-30.91545,20.710379,0,t1,5,0
208,-0.75796616,42.006443,1,t2,4,1
209,-34.111927,-14.444379,6,t7,1,2
210,-37.802036,-10.522813,2,t3,1,2
211,-23.402487,16.355125,0,t1,5,0
212,-40.074993,-10.306363,2,t3,1,2
213,18.45239,-37.411106,7,t8,6,7
214,46.266533,-10.918695,5,t6,0,5
215,-17.586617,-34.369633,6,t7,3,6
216,-35.487606,23.918283,0,t1,5,0
217,20.085363,26.394163,4,t5,7,4
218,37.893936,10.284167,4,t5,7,4
219,3.5686154,-13.893982,3,t4,2,3
220,-32.95403,-14.262226,6,t7,3,6
221,0.44747084,44.96902,1,t2,4,1
222,23.442106,-11.27755,5,t6,0,5
223,-23.474934,16.00464,0,t1,5,0
224,35.890224,11.852431,4,t5,7,4
225,-1.2324165,-4.992969,3,t4,2,3
226,-4.7157636,-5.5737123,3,t4,2,3
227,0.67135996,10.582692,7,t8,2,3
228,-4.813684,-3.4652884,7,t8,2,3
229,-29.10846,14.928053,0,t1,5,0
230,5.1591983,-13.673902,3,t4,2,3
231,8.172839,-35.901257,7,t8,6,7
232,19.005028,-1.1990469,5,t6,0,5
233,18.318338,22.466286,4,t5,7,4
234,17.44893,-36.672188,7,t8,6,7
235,30.608023,24.148338,4,t5,7,4
236,-42.504177,0.21810967,2,t3,1,2
237,15.0682955,33.92998,1,t2,4,1
238,38.002922,10.305921,4,t5,7,4
239,30.97551,23.581333,4,t5,7,4
240,-24.608871,15.111428,0,t1,5,0
241,-36.999466,22.67259,0,t1,5,0
242,36.260384,17.87342,4,t5,7,4
243,-37.486664,20.561262,0,t1,5,0
244,-2.7468612,7.6370645,3,t4,2,3
245,23.853256,-11.891901,5,t6,0,5
246,-44.136707,-2.9591906,2,t3,1,2
247,36.643093,12.069754,4,t5,7,4
248,-40.19697,-6.556056,2,t3,1,2
249,-1.6356688,16.619692,3,t4,2,3
250,42.313602,-7.454908,5,t6,0,5
251,45.829678,-11.820738,5,t6,0,5
252,30.781796,23.893349,4,t5,7,4
253,18.766857,-1.2819307,5,t6,0,5
254,-34.149704,-9.87071,2,t3,1,2
255,-35.720097,23.755545,0,t1,5,0
256,40.107933,-13.421351,5,t6,0,5
257,-30.983541,20.515884,0,t1,5,0
258,-11.168393,-19.677593,6,t7,3,6
259,-44.914753,-6.389081,2,t3,1,2
260,7.994552,39.48273,1,t2,4,1
261,-39.767693,-10.30125,2,t3,1,2
262,45.63113,-11.777753,5,t6,0,5
263,1.2006416,45.41153,1,t2,4,1
264,28.967848,-12.832158,5,t6,0,5
265,-6.7638707,-7.1245265,3,t4,2,3
266,-0.052923948,10.2779255,7,t8,2,3
267,-0.57179993,42.10889,1,t2,4,1
268,-23.639387,15.770715,0,t1,5,0
269,-0.40983492,11.881502,7,t8,2,3
270,20.224659,26.73298,4,t5,7,4
271,33.42449,17.05819,4,t5,7,4
272,-31.83858,-13.792314,6,t7,3,6
273,37.813408,12.911721,4,t5,7,4
274,-36.049675,23.424215,0,t1,5,0
275,-19.669828,-31.565159,6,t7,3,6
276,-6.727672,-7.115683,3,t4,2,3
277,-0.6557539,16.46198,3,t4,2,3
278,-6.4846096,-14.110007,3,t4,2,3
279,-19.575962,23.346539,0,t1,5,0
280,34.047394,16.737236,4,t5,7,4
281,37.12124,15.663081,4,t5,7,4
282,-29.426912,15.901251,0,t1,5,0
283,6.316908,-35.429962,7,t8,6,7
284,37.475338,8.056896,4,t5,7,4
285,-0.57676727,-5.7315016,3,t4,2,3
286,-41.9229,1.6869197,2,t3,1,2
287,-17.857752,-29.92366,6,t7,3,6
288,37.1766,15.564528,4,t5,7,4
289,-43.917114,-7.988255,2,t3,1,2
290,-37.573616,19.900864,0,t1,5,0
291,-34.337708,-10.406312,2,t3,1,2
292,17.855398,-36.0508,7,t8,6,7
293,33.87517,-14.296994,5,t6,0,5
294,-23.483252,20.980816,0,t1,5,0
295,21.559267,18.012447,1,t2,7,4
296,-4.985132,-3.1471252,7,t8,2,3
297,18.474472,-38.15782,7,t8,6,7
298,-6.218913,-9.206387,3,t4,2,3
299,-40.85623,4.121552,2,t3,1,2
300,5.6706924,-35.398212,7,t8,6,7
301,6.1871343,-28.722673,7,t8,6,7
302,-38.877674,-7.543048,2,t3,1,2
303,7.613788,-25.80608,7,t8,6,7
304,-0.020682678,42.579327,1,t2,4,1
305,-34.24393,-9.834319,2,t3,1,2
306,10.951323,-32.396027,7,t8,6,7
307,5.127891,-34.60204,7,t8,6,7
308,13.765651,34.707977,1,t2,4,1
309,0.9139312,44.942646,1,t2,4,1
310,11.5139475,-29.962719,7,t8,6,7
311,13.267087,34.718624,1,t2,4,1
312,-0.729997,16.891567,3,t4,2,3
313,-0.7058731,-5.7365355,3,t4,2,3
314,30.43421,23.595722,4,t5,7,4
315,-12.51109,-21.93649,6,t7,3,6
316,23.536884,-11.318761,5,t6,0,5
317,-34.17821,-14.409543,6,t7,1,2
318,6.604518,-29.367073,7,t8,6,7
319,-22.40577,23.49127,0,t1,5,0
320,1.0872242,11.850789,3,t4,2,3
321,10.272778,34.106304,1,t2,4,1
322,-34.18985,-9.00987,2,t3,1,2
323,-24.694447,22.807785,0,t1,5,0
324,-22.546238,18.629244,0,t1,5,0
325,-19.283224,23.183817,0,t1,5,0
326,31.2966,-14.832402,5,t6,0,5
327,-28.420338,14.458683,0,t1,5,0
328,-17.352303,-28.972857,6,t7,3,6
329,-5.115646,-5.8653717,3,t4,2,3
330,-15.41197,-32.90906,6,t7,3,6
331,22.928415,-9.150337,5,t6,0,5
332,37.14501,8.030379,4,t5,7,4
333,-40.592598,3.9861684,2,t3,1,2
334,-10.978792,-19.693007,6,t7,3,6
335,42.27502,-7.4213853,5,t6,0,5
336,-6.2427135,2.8944042,3,t4,2,3
337,-20.225763,21.650087,0,t1,5,0
338,7.2819805,39.72721,1,t2,4,1
339,39.180912,-13.902271,5,t6,0,5
340,-40.625374,4.2253423,2,t3,1,2
341,2.3323243,38.924793,1,t2,4,1
342,-36.41527,22.613789,0,t1,5,0
343,-34.297985,-14.31074,6,t7,1,2
344,-39.44737,-0.4136199,2,t3,1,2
345,16.941294,-36.705986,7,t8,6,7
346,4.041107,-13.249457,3,t4,2,3
347,15.926691,30.175354,1,t2,4,1
348,37.890186,10.00497,4,t5,7,4
349,40.177055,-12.884112,5,t6,0,5
350,2.186954,38.974724,1,t2,4,1
351,10.658481,33.930477,1,t2,4,1
352,-4.692853,-2.801551,7,t8,2,3
353,-3.8912587,-5.1657786,3,t4,2,3
354,21.274866,22.107391,4,t5,7,4
355,38.06668,-13.890883,5,t6,0,5
356,8.789713,-25.323116,7,t8,6,7
357,-44.315216,0.49199197,2,t3,1,2
358,-16.407127,-33.630074,6,t7,3,6
359,-16.444504,-31.841717,6,t7,3,6
360,-38.2275,-8.552072,2,t3,1,2
361,3.684008,-14.009813,3,t4,2,3
362,40.02765,-13.242468,5,t6,0,5
363,13.571639,32.27408,1,t2,4,1
364,-7.1841145,-9.671065,3,t4,2,3
365,-33.889267,-10.890109,2,t3,1,2
366,36.874825,16.163454,4,t5,7,4
367,-34.024616,-14.469075,6,t7,1,2
368,12.406005,36.034973,1,t2,4,1
369,-40.41888,-5.8499565,2,t3,1,2
370,6.3961725,-29.163437,7,t8,6,7
371,-37.869877,-10.587477,2,t3,1,2
372,-29.308054,14.631632,0,t1,5,0
373,17.200377,25.917377,4,t5,7,4
374,-30.996357,19.28225,0,t1,5,0
375,-44.0367,-4.4802747,2,t3,1,2
376,0.70626736,11.82468,3,t4,2,3
377,1.1086302,11.993362,3,t4,2,3
378,20.641232,-0.90079975,5,t6,0,5
379,-1.1057228,-5.8936443,3,t4,2,3
380,-37.721764,18.932602,0,t1,5,0
381,0.9288536,10.258154,7,t8,2,3
382,11.512747,-29.751999,7,t8,6,7
383,0.41378808,10.647726,7,t8,2,3
384,1.754979,44.874302,1,t2,4,1
385,15.965099,30.056686,1,t2,4,1
386,18.894815,-38.08538,7,t8,6,7
387,20.86608,23.007996,4,t5,7,4
388,39.655018,-12.648916,5,t6,0,5
389,5.889258,-29.770094,7,t8,6,7
390,-4.9258237,-4.7440653,3,t4,2,3
391,36.44509,17.483437,4,t5,7,4
392,-6.3674135,-9.128441,3,t4,2,3
393,-15.963578,-32.126915,6,t7,3,6
394,-42.193985,1.2988694,2,t3,1,2
395,-4.677603,-5.7627625,3,t4,2,3
396,-23.409397,17.134718,0,t1,5,0
397,-6.4122005,-13.803904,3,t4,2,3
398,-21.000933,21.432243,0,t1,5,0
399,19.286612,26.03984,4,t5,7,4
400,18.60182,22.602184,4,t5,7,4
401,-13.781807,-28.77703,6,t7,3,6
402,38.195206,-12.561819,5,t6,0,5
403,-32.892498,-14.065538,6,t7,3,6
404,23.389502,-9.308035,5,t6,0,5
405,-41.95572,1.48604,2,t3,1,2
406,19.90493,26.461578,4,t5,7,4
407,-41.55855,0.96603066,2,t3,1,2
408,-1.1601014,42.23916,1,t2,4,1
409,-6.6348543,-13.676434,3,t4,2,3
410,-40.965775,0.399431,2,t3,1,2
411,-9.987652,-18.53766,6,t7,3,6
412,17.964918,28.410822,4,t5,4,1
413,-29.571815,-14.277048,6,t7,3,6
414,12.993673,32.174847,1,t2,4,1
415,11.030695,33.939514,1,t2,4,1
416,-41.123867,4.515341,2,t3,1,2
417,11.85375,-29.561323,7,t8,6,7
418,-0.47838262,10.752685,7,t8,2,3
419,12.093994,36.25928,1,t2,4,1
420,-29.434412,-14.317831,6,t7,3,6
421,19.30363,-37.796722,7,t8,6,7
422,-37.444775,-10.934101,2,t3,1,2
423,16.263838,-36.208992,7,t8,6,7
424,-5.3195577,-3.8349192,7,t8,2,3
425,-33.91281,-10.454992,2,t3,1,2
426,-0.23308726,42.41888,1,t2,4,1
427,-38.36883,-7.111538,2,t3,1,2
428,-11.212657,-20.253588,6,t7,3,6
429,7.9930444,-35.792515,7,t8,6,7
430,-35.325768,23.968328,0,t1,5,0
431,-22.260548,23.493483,0,t1,5,0
432,-11.079845,-19.816408,6,t7,3,6
433,31.628561,-11.353061,5,t6,0,5
434,19.384657,22.368925,4,t5,7,4
435,-21.753115,19.194174,0,t1,5,0
436,-19.600897,23.955822,0,t1,5,0
437,5.845022,40.177208,1,t2,4,1
438,11.348687,-30.153183,7,t8,6,7
439,-1.5595143,-5.9667063,3,t4,2,3
440,-1.183897,-4.9232917,3,t4,2,3
441,-30.86559,20.904974,0,t1,5,0
442,35.25032,20.371902,4,t5,7,4
443,-44.916313,-0.41358185,2,t3,1,2
444,2.2585957,38.999348,1,t2,4,1
445,11.357793,36.226887,1,t2,4,1
446,13.191602,32.008778,1,t2,4,1
447,23.316605,-8.376337,5,t6,0,5
448,13.583481,32.66631,1,t2,4,1
449,-17.601934,-32.80902,6,t7,3,6
450,-38.081978,-9.919912,2,t3,1,2
451,21.040966,23.620037,4,t5,7,4
452,-43.852196,-8.682025,2,t3,1,2
453,19.13119,-0.8714703,5,t6,0,5
454,-23.335915,16.327162,0,t1,5,0
455,-24.089024,15.757006,0,t1,5,0
456,-15.8800745,-35.510212,6,t7,3,6
457,-44.38785,-6.375056,2,t3,1,2
458,21.141249,23.154593,4,t5,7,4
459,8.002458,-25.725155,7,t8,6,7
460,23.837366,-11.83853,5,t6,0,5
461,19.809328,22.171772,4,t5,7,4
462,-40.596573,4.045999,2,t3,1,2
463,-34.30515,-14.352541,6,t7,1,2
464,-37.656605,19.399893,0,t1,5,0
465,38.094826,9.77982,4,t5,7,4
466,17.095419,25.799126,4,t5,7,4
467,-18.48574,-30.463232,6,t7,3,6
468,-46.084866,-0.63831717,2,t3,1,2
469,21.607828,-2.0457246,5,t6,0,5
470,-44.735622,-0.250436,2,t3,1,2
471,-6.7335153,-14.076642,3,t4,2,3
472,33.391094,17.009985,4,t5,7,4
473,7.686477,-25.687166,7,t8,6,7
474,37.95317,8.166162,4,t5,7,4
475,32.393223,-11.601459,5,t6,0,5
476,29.329048,-13.539264,5,t6,0,5
477,36.449406,17.677866,4,t5,7,4
478,21.754679,-2.2690775,5,t6,0,5
479,19.597666,21.644411,4,t5,7,4
480,-21.880331,23.575855,0,t1,5,0
481,33.88902,16.230186,4,t5,7,4
482,38.934734,-13.369029,5,t6,0,5
483,-37.423634,20.542158,0,t1,5,0
484,-6.7280097,-13.932056,3,t4,2,3
485,0.06975446,16.783176,3,t4,2,3
486,35.81244,17.496376,4,t5,7,4
487,18.854609,-1.8657954,5,t6,0,5
488,8.12424,-36.389786,7,t8,6,7
489,36.37493,17.619776,4,t5,7,4
490,-3.676286,-4.658488,3,t4,2,3
491,-37.174553,21.685947,0,t1,5,0
492,0.19452323,42.223675,1,t2,4,1
493,-29.42387,-14.329356,6,t7,3,6
494,-10.566816,-19.570513,6,t7,3,6
495,35.40885,20.286003,4,t5,7,4
496,-18.921612,23.10189,0,t1,5,0
497,-6.6667466,-14.226358,3,t4,2,3
498,33.965954,18.209013,4,t5,7,4
499,-35.312813,23.958822,0,t1,5,0
500,8.159035,-25.709442,7,t8,6,7
501,39.0901,-13.52907,5,t6,0,5
502,35.063595,20.343388,4,t5,7,4
503,-20.325466,21.465748,0,t1,5,0
504,-16.347136,-33.558685,6,t7,3,6
505,-19.375038,-32.30672,6,t7,3,6
506,-44.324627,-4.1914883,2,t3,1,2
507,18.85334,-37.668385,7,t8,6,7
508,0.9287717,14.153813,3,t4,2,3
509,-39.203236,-6.854793,2,t3,1,2
510,-20.318356,-30.612307,6,t7,3,6
511,-5.1698074,-5.8294806,3,t4,2,3
512,-37.6,19.301075,0,t1,5,0
513,18.814371,22.666645,4,t5,7,4
514,4.6224008,-13.777975,3,t4,2,3
515,-42.258232,0.9098779,2,t3,1,2
516,-1.5097637,-5.842621,3,t4,2,3
517,-22.086123,19.368317,0,t1,5,0
518,-34.171253,-8.499748,2,t3,1,2
519,23.945082,-8.555541,5,t6,0,5
520,30.598373,23.214499,4,t5,7,4
521,-17.635372,-33.706215,6,t7,3,6
522,-29.827785,15.389733,0,t1,5,0
523,-5.371257,-3.7642531,7,t8,2,3
524,-31.907877,-13.737653,6,t7,3,6
525,-44.744373,-0.06914944,2,t3,1,2
526,8.035043,-25.04877,7,t8,4,1
527,21.321486,22.677942,4,t5,7,4
528,-29.390179,-14.34532,6,t7,3,6
529,38.220345,7.516078,4,t5,7,4
530,19.146938,-1.0388492,5,t6,0,5
531,45.92665,-10.824223,5,t6,0,5
532,20.922043,-1.075532,5,t6,0,5
533,-37.56005,19.591282,0,t1,5,0
534,-3.65337,4.735087,3,t4,2,3
535,-43.503983,-6.524202,2,t3,1,2
536,-20.37513,22.624428,0,t1,5,0
537,19.578402,22.235569,4,t5,7,4
538,30.394398,23.886139,4,t5,7,4
539,23.706593,-8.586948,5,t6,0,5
540,-13.637853,-29.11912,6,t7,3,6
541,0.2024499,14.688079,3,t4,2,3
542,39.017582,-12.72041,5,t6,0,5
543,12.712705,35.033054,1,t2,4,1
544,32.09387,-13.256948,5,t6,0,5
545,-31.000866,19.46846,0,t1,5,0
546,0.40388277,10.0752,7,t8,2,3
547,23.870338,-11.884933,5,t6,0,5
548,16.16367,29.94879,1,t2,4,1
549,-3.6236992,5.226222,3,t4,2,3
550,-43.063206,-2.2259855,2,t3,1,2
551,17.860994,-36.58019,7,t8,6,7
552,36.373367,11.665896,4,t5,7,4
553,14.005209,32.26314,1,t2,4,1
554,-5.024183,-2.720258,7,t8,2,3
555,-16.26657,-32.567326,6,t7,3,6
556,-5.1027617,-3.747162,7,t8,2,3
557,19.538185,-37.253063,7,t8,6,7
558,-34.066765,-10.79864,2,t3,1,2
559,-15.564074,-29.354984,6,t7,3,6
560,2.1975205,38.971962,1,t2,4,1
561,6.160569,-29.001308,7,t8,6,7
562,-0.49285975,16.526783,3,t4,2,3
563,-15.578005,-35.476185,6,t7,3,6
564,-44.207863,-1.9010684,2,t3,1,2
565,13.892179,34.62497,1,t2,4,1
566,21.575027,22.165724,4,t5,7,4
567,-4.3361206,-5.2303424,3,t4,2,3
568,10.417557,33.614307,1,t2,4,1
569,21.147709,-0.57218444,5,t6,0,5
570,28.079536,-13.063135,5,t6,0,5
571,23.010693,-8.716211,5,t6,0,5
572,-6.7979617,-3.7965488,7,t8,2,3
573,7.7246366,-25.710573,7,t8,6,7
574,-0.7356601,42.48385,1,t2,4,1
575,-23.877947,16.962063,0,t1,5,0
576,36.918888,16.100485,4,t5,7,4
577,-4.6028504,3.7255168,3,t4,2,3
578,-43.964405,-4.484195,2,t3,1,2
579,-23.958344,16.667393,0,t1,5,0
580,-35.638657,23.782682,0,t1,5,0
581,-13.637103,-28.872847,6,t7,3,6
582,-4.0382886,5.2330856,3,t4,2,3
583,-44.09798,-5.8499975,2,t3,1,2
584,-6.783804,-9.561989,3,t4,2,3
585,-29.500162,-14.34466,6,t7,3,6
586,-4.8398147,2.6645195,3,t4,2,3
587,21.23948,22.921734,4,t5,7,4
588,0.6280052,12.513405,3,t4,2,3
589,17.066765,25.984634,4,t5,7,4
590,10.531293,-32.38344,7,t8,6,7
591,-15.2897,-32.973938,6,t7,3,6
592,21.299282,22.293217,4,t5,7,4
593,-43.657375,0.073805235,2,t3,1,2
594,-30.314184,16.216688,0,t1,5,0
595,15.815704,-37.64761,7,t8,6,7
596,19.292841,-1.5014532,5,t6,0,5
597,31.82846,-10.76224,5,t6,0,5
598,21.315805,-2.0428452,5,t6,0,5
599,0.523251,10.019018,7,t8,2,3
600,-1.0913427,42.771362,1,t2,4,1
601,11.511437,35.961403,1,t2,4,1
602,34.65433,-14.264619,5,t6,0,5
603,45.412952,-11.412698,5,t6,0,5
604,30.780811,23.894764,4,t5,7,4
605,6.314393,-36.00929,7,t8,6,7
606,39.160435,-12.912891,5,t6,0,5
607,30.870121,23.428347,4,t5,7,4
608,32.42184,-10.80719,5,t6,0,5
609,-25.347425,15.410889,0,t1,5,0
610,-43.90344,-8.071965,2,t3,1,2
611,-4.7898927,-5.8789554,3,t4,2,3
612,-4.379419,-5.4279375,3,t4,2,3
613,-24.36865,16.177883,0,t1,5,0
614,2.2053823,38.9627,1,t2,4,1
615,45.49896,-10.969691,5,t6,0,5
616,-30.22063,16.322361,0,t1,5,0
617,19.161728,26.17435,4,t5,7,4
618,11.396486,-29.98383,7,t8,6,7
619,-30.457891,17.29194,0,t1,5,0
620,-20.344774,23.408194,0,t1,5,0
621,-41.729065,2.4481347,2,t3,1,2
622,10.014425,34.16827,1,t2,4,1
623,27.742727,-12.738057,5,t6,0,5
624,6.3526583,-35.553963,7,t8,6,7
625,10.500247,33.736732,1,t2,4,1
626,42.36024,-7.8905697,5,t6,0,5
627,11.742261,35.927658,1,t2,4,1
628,18.761206,-36.6509,7,t8,6,7
629,8.753238,-35.794056,7,t8,6,7
630,-18.842102,-28.91767,6,t7,3,6
631,-37.816494,-10.54344,2,t3,1,2
632,-6.295244,-9.652496,3,t4,2,3
633,0.3214199,12.843796,3,t4,2,3
634,11.6132765,36.66171,1,t2,4,1
635,-15.80325,-29.896046,6,t7,3,6
636,0.8544514,13.866085,3,t4,2,3
637,0.03603181,10.511328,7,t8,2,3
638,-43.865562,-3.1373863,2,t3,1,2
639,-0.041158006,11.273056,7,t8,2,3
640,28.78025,-12.602654,5,t6,0,5
641,-35.893127,23.599747,0,t1,5,0
642,-41.040073,3.813176,2,t3,1,2
643,16.693394,-36.52106,7,t8,6,7
644,-6.6782494,-12.980786,3,t4,2,3
645,-24.433208,21.333765,0,t1,5,0
646,35.493122,19.771662,4,t5,7,4
647,17.335272,-36.775593,7,t8,6,7
648,-43.792423,-6.918808,2,t3,1,2
649,15.932547,31.096876,1,t2,4,1
650,19.018795,22.038282,4,t5,7,4
651,-39.2189,-7.2767453,2,t3,1,2
652,-0.567622,13.632345,3,t4,2,3
653,-38.950382,-0.93811244,2,t3,1,2
654,38.754963,8.3583145,4,t5,7,4
655,33.6583,-14.312218,5,t6,0,5
656,11.300553,34.007164,1,t2,4,1
657,23.49059,-8.936147,5,t6,0,5
658,5.140107,-34.967926,7,t8,6,7
659,18.95228,-2.5100424,5,t6,0,5
660,36.459896,12.016564,4,t5,7,4
661,-7.1389956,-8.344838,3,t4,2,3
662,-5.5857677,-2.8406947,7,t8,2,3
663,-31.039377,19.656416,0,t1,5,0
664,31.960052,-11.853681,5,t6,0,5
665,-19.793087,23.750326,0,t1,5,0
666,-10.558732,-19.430676,6,t7,3,6
667,15.035904,33.964554,1,t2,4,1
668,34.791622,19.777143,4,t5,7,4
669,-33.59139,-14.814287,6,t7,1,2
670,1.5323972,45.378387,1,t2,4,1
671,5.301497,-35.050743,7,t8,6,7
672,11.325556,-32.016808,7,t8,6,7
673,16.22393,30.567139,1,t2,4,1
674,-12.082652,-21.353745,6,t7,3,6
675,-34.305035,-14.331379,6,t7,1,2
676,-44.168026,-2.0636394,2,t3,1,2
677,33.9091,16.239914,4,t5,7,4
678,-44.560047,-5.4227567,2,t3,1,2
679,5.234016,-34.234806,7,t8,6,7
680,34.836514,20.37557,4,t5,7,4
681,-13.424819,-29.224072,6,t7,3,6
682,-41.087654,4.586482,2,t3,1,2
683,-14.694368,-32.817295,6,t7,3,6
684,-4.761391,3.0298932,3,t4,2,3
685,-15.575507,-29.44517,6,t7,3,6
686,23.657085,-8.4186535,5,t6,0,5
687,-6.8084025,-9.416756,3,t4,2,3
688,18.353777,27.21653,4,t5,7,4
689,-40.19334,-6.6892815,2,t3,1,2
690,-2.2972362,4.2689433,3,t4,2,3
691,-6.4730043,-9.943756,3,t4,2,3
692,-4.591363,3.563417,3,t4,2,3
693,-6.359455,-14.030047,3,t4,2,3
694,18.769836,23.127604,4,t5,7,4
695,-6.9255586,-13.715821,3,t4,2,3
696,-45.4339,-0.48342443,2,t3,1,2
697,19.48386,-37.275288,7,t8,6,7
698,-13.291011,-29.639017,6,t7,3,6
699,18.609968,-1.527851,5,t6,0,5
700,-20.02292,-30.84562,6,t7,3,6
701,9.825543,33.743725,1,t2,4,1
702,0.81217664,12.33412,3,t4,2,3
703,-17.40345,-34.637794,6,t7,3,6
704,4.1659403,-14.31777,3,t4,2,3
705,40.040974,-12.823235,5,t6,0,5
706,11.553507,-29.662956,7,t8,6,7
707,14.357251,32.749146,1,t2,4,1
708,1.8849087,45.090916,1,t2,4,1
709,2.2611635,38.913765,1,t2,4,1
710,-43.672794,-9.842245,2,t3,1,2
711,-43.85596,-8.784461,2,t3,1,2
712,-16.151943,-33.404198,6,t7,3,6
713,18.114382,28.095196,4,t5,4,1
714,16.101068,30.01472,1,t2,4,1
715,8.5145645,-35.77298,7,t8,6,7
716,-43.948982,-6.8440323,2,t3,1,2
717,-7.3856196,-8.898754,3,t4,2,3
718,-21.033247,22.003767,0,t1,5,0
719,35.03021,19.589613,4,t5,7,4
720,-32.132862,-13.882826,6,t7,3,6
721,36.350048,12.010283,4,t5,7,4
722,8.765348,-35.395252,7,t8,6,7
723,24.715971,-8.474051,5,t6,0,5
724,37.065342,7.850253,4,t5,7,4
725,-0.022858027,11.039387,7,t8,2,3
726,-2.5462298,4.763721,3,t4,2,3
727,5.279828,-34.06703,7,t8,6,7
728,-34.20517,-7.910138,2,t3,1,2
729,-6.098926,2.5839932,3,t4,2,3
730,-42.17939,1.1344657,2,t3,1,2
731,-6.4842734,2.6921742,3,t4,2,3
732,42.626034,-7.396248,5,t6,0,5
733,15.176091,33.222404,1,t2,4,1
734,8.180548,39.387108,1,t2,4,1
735,4.9416437,-12.995709,3,t4,2,3
736,-29.243237,14.278497,0,t1,5,0
737,-4.960324,-2.631011,7,t8,2,3
738,-29.014706,15.0789995,0,t1,5,0
739,-44.1831,-2.3175852,2,t3,1,2
740,-39.998573,-7.026358,2,t3,1,2
741,-5.8943086,-9.663359,3,t4,2,3
742,2.1213503,42.940323,1,t2,4,1
743,-36.40505,23.158085,0,t1,5,0
744,4.5564013,-13.560592,3,t4,2,3
745,8.885128,-36.077442,7,t8,6,7
746,-30.069304,17.859642,0,t1,5,0
747,-33.894386,-10.994353,2,t3,1,2
748,-0.7286439,42.768444,1,t2,4,1
749,11.384557,-30.079899,7,t8,6,7
750,-22.602266,19.505068,0,t1,5,0
751,-13.698455,-29.082674,6,t7,3,6
752,-6.540165,-10.213257,3,t4,2,3
753,-4.6884594,3.0502808,3,t4,2,3
754,16.114506,-37.50766,7,t8,6,7
755,1.4852743,44.70025,1,t2,4,1
756,34.821777,19.857492,4,t5,7,4
757,-38.206398,-8.5544615,2,t3,1,2
758,45.920403,-11.295839,5,t6,0,5
759,-29.219934,15.029052,0,t1,5,0
760,5.4610076,-35.035152,7,t8,6,7
761,-24.540112,15.760218,0,t1,5,0
762,32.198982,-10.66492,5,t6,0,5
763,5.0258193,-14.309401,3,t4,2,3
764,23.223827,-11.181762,5,t6,0,5
765,-29.280737,15.473828,0,t1,5,0
766,-36.648727,21.878958,0,t1,5,0
767,8.750461,-25.19077,7,t8,6,7
768,5.3482456,-33.826534,7,t8,6,7
769,19.568853,-37.26201,7,t8,6,7
770,-43.88337,-5.9960136,2,t3,1,2
771,11.875007,35.307247,1,t2,4,1
772,-25.195759,15.1377,0,t1,5,0
773,0.8700369,14.272911,3,t4,2,3
774,46.23433,-11.124842,5,t6,0,5
775,-11.268248,-20.20548,6,t7,3,6
776,9.788333,33.74405,1,t2,4,1
777,36.710495,11.9851675,4,t5,7,4
778,-6.484849,-13.984733,3,t4,2,3
779,-43.919666,-7.354169,2,t3,1,2
780,-19.98586,-30.878233,6,t7,3,6
781,6.732524,-35.549473,7,t8,6,7
782,45.1949,-11.292431,5,t6,0,5
783,19.179264,-1.9176489,5,t6,0,5
784,-33.564796,-14.233066,6,t7,1,2
785,10.5421505,-31.666243,7,t8,6,7
786,-20.27624,21.29407,0,t1,5,0
787,33.42487,-11.823901,5,t6,0,5
788,-2.9382775,7.3001275,3,t4,2,3
789,13.334463,32.157238,1,t2,4,1
790,30.601088,23.203547,4,t5,7,4
791,0.0037924065,42.60288,1,t2,4,1
792,-4.868637,-3.0550895,7,t8,2,3
793,45.39895,-10.814399,5,t6,0,5
794,10.06388,-32.396996,7,t8,6,7
795,-41.64989,0.7721126,2,t3,1,2
796,-36.703518,22.243622,0,t1,5,0
797,-15.854799,-29.873604,6,t7,3,6
798,8.768162,-25.211237,7,t8,6,7
799,-34.17974,-8.739307,2,t3,1,2
800,6.2514725,-35.832798,7,t8,6,7
801,-43.841515,-8.765561,2,t3,1,2
802,-24.360085,16.121399,0,t1,5,0
803,23.626375,-11.776101,5,t6,0,5
804,7.0567636,39.83029,1,t2,4,1
805,30.248074,23.774641,4,t5,7,4
806,39.38943,8.901219,4,t5,7,4
807,1.7016759,39.50745,1,t2,4,1
808,24.158352,-8.642775,5,t6,0,5
809,-19.2828,-29.031948,6,t7,3,6
810,0.41706428,13.952066,3,t4,2,3
811,-21.334524,22.370895,0,t1,5,0
812,-37.592857,19.847065,0,t1,5,0
813,34.152615,16.871925,4,t5,7,4
814,-20.967714,20.709501,0,t1,5,0
815,-12.548539,-22.06429,6,t7,3,6
816,-2.1942556,4.2219043,3,t4,2,3
817,21.552063,18.013025,1,t2,7,4
818,3.7427104,-13.560077,3,t4,2,3
819,-24.68823,22.787077,0,t1,5,0
820,-38.106915,-7.5468726,2,t3,1,2
821,21.34507,24.056862,4,t5,7,4
822,-20.937271,20.362999,0,t1,5,0
823,8.321914,-25.639717,7,t8,6,7
824,1.1490958,12.179132,3,t4,2,3
825,19.158186,26.261946,4,t5,7,4
826,-17.03372,-33.979588,6,t7,3,6
827,-20.981646,21.364275,0,t1,5,0
828,38.119267,7.819474,4,t5,7,4
829,-24.512747,21.622545,0,t1,5,0
830,-1.3078686,-5.2512436,3,t4,2,3
831,-5.008881,-3.369179,7,t8,2,3
832,33.40729,-13.851809,5,t6,0,5
833,5.8161535,-34.164574,7,t8,6,7
834,-0.82408077,41.988262,1,t2,4,1
835,6.482599,-29.456993,7,t8,6,7
836,-23.653658,17.767094,0,t1,5,0
837,-43.80583,-3.4452574,2,t3,1,2
838,-24.939047,16.739138,0,t1,5,0
839,11.33064,-32.029037,7,t8,6,7
840,10.024761,-32.36201,7,t8,6,7
841,-4.7654004,2.9525304,3,t4,2,3
842,-43.875275,-5.1231475,2,t3,1,2
843,-0.05885865,16.812819,3,t4,2,3
844,16.03681,30.03479,1,t2,4,1
845,-0.96274114,16.734673,3,t4,2,3
846,-0.24441527,17.089848,3,t4,2,3
847,37.000263,15.892813,4,t5,7,4
848,0.35206366,10.339029,7,t8,2,3
849,-18.175407,-31.42281,6,t7,3,6
850,-6.2583365,-9.707239,3,t4,2,3
851,17.508154,-36.665833,7,t8,6,7
852,38.500324,8.380092,4,t5,7,4
853,-41.3154,4.4200177,2,t3,1,2
854,11.930774,35.304825,1,t2,4,1
855,-29.210222,15.73987,0,t1,5,0
856,5.158791,-34.735195,7,t8,6,7
857,-24.67931,15.147852,0,t1,5,0
858,-15.1854725,-28.402142,6,t7,3,6
859,-18.333553,-28.990585,6,t7,3,6
860,21.53185,21.887785,4,t5,7,4
861,1.9812686,39.181835,1,t2,4,1
862,20.994621,-0.7606801,5,t6,0,5
863,-15.242441,-28.446318,6,t7,3,6
864,-40.07445,-6.8203745,2,t3,1,2
865,-1.4853715,13.512765,3,t4,2,3
866,-43.76164,-9.526525,2,t3,1,2
867,-12.540116,-22.006931,6,t7,3,6
868,10.10759,-32.316555,7,t8,6,7
869,-34.11729,-8.369724,2,t3,1,2
870,18.89267,-2.0748901,5,t6,0,5
871,-44.996147,-0.14053042,2,t3,1,2
872,-37.782864,-10.240851,2,t3,1,2
873,28.767488,-12.811437,5,t6,0,5
874,5.6506977,-29.42949,7,t8,6,7
875,-24.821495,16.471445,0,t1,5,0
876,16.152905,-37.45826,7,t8,6,7
877,-19.6554,-28.897068,6,t7,3,6
878,2.1111636,43.616238,1,t2,4,1
879,15.569678,31.34213,1,t2,4,1
880,33.155613,17.219448,4,t5,7,4
881,38.923965,8.20789,4,t5,7,4
882,-1.2124568,42.132977,1,t2,4,1
883,30.485418,23.669317,4,t5,7,4
884,33.47113,-14.287343,5,t6,0,5
885,-24.47157,21.561575,0,t1,5,0
886,-33.560055,-11.283769,2,t3,1,2
887,5.72215,-34.421947,7,t8,6,7
888,-0.3205466,17.153252,3,t4,2,3
889,0.30361658,12.926635,3,t4,2,3
890,18.682413,26.29992,4,t5,7,4
891,20.894693,23.534805,4,t5,7,4
892,23.473204,-9.105353,5,t6,0,5
893,2.2916038,38.712765,1,t2,4,1
894,18.179548,-36.910034,7,t8,6,7
895,2.8109593,39.826206,1,t2,4,1
896,-44.848186,0.4598231,2,t3,1,2
897,-6.3832445,-9.399896,3,t4,2,3
898,18.133295,-36.32846,7,t8,6,7
899,18.525782,-1.9830772,5,t6,0,5
900,-10.552927,-19.346706,6,t7,3,6
901,-0.46757933,14.24575,3,t4,2,3
902,-43.74732,-9.852799,2,t3,1,2
903,-41.650208,4.505773,2,t3,1,2
904,-22.589176,17.708391,0,t1,5,0
905,28.93579,-13.1133795,5,t6,0,5
906,19.213537,-2.0164135,5,t6,0,5
907,-15.413206,-32.469543,6,t7,3,6
908,-6.1838427,2.60418,3,t4,2,3
909,16.040428,-37.394215,7,t8,6,7
910,-38.741894,-7.502486,2,t3,1,2
911,-32.053032,-14.794949,6,t7,1,2
912,-14.335917,-29.345854,6,t7,3,6
913,-4.345207,-5.398781,3,t4,2,3
914,-0.4629205,-5.7024403,3,t4,2,3
915,27.49466,-12.649554,5,t6,0,5
916,-10.946912,-19.655886,6,t7,3,6
917,38.09203,8.087066,4,t5,7,4
918,17.620316,26.145954,4,t5,7,4
919,16.41794,-36.47671,7,t8,6,7
920,8.028941,-25.177088,7,t8,6,7
921,-34.246586,-6.9683514,2,t3,1,2
922,-4.3740597,4.27468,3,t4,2,3
923,9.31637,-35.73998,7,t8,6,7
924,5.9179435,-29.806913,7,t8,6,7
925,33.669388,-11.948634,5,t6,0,5
926,-14.91927,-28.48646,6,t7,3,6
927,-21.783382,20.340612,0,t1,5,0
928,32.854336,-14.9327135,5,t6,0,5
929,1.7459885,43.185932,1,t2,4,1
930,-4.8529215,2.782955,3,t4,2,3
931,38.715103,9.44296,4,t5,7,4
932,-29.486074,-14.302565,6,t7,3,6
933,4.595344,-14.148332,3,t4,2,3
934,-12.559641,-21.992315,6,t7,3,6
935,8.227903,-35.711704,7,t8,6,7
936,35.15832,20.06675,4,t5,7,4
937,37.239567,-13.942741,5,t6,0,5
938,-40.546906,4.1238647,2,t3,1,2
939,-17.435665,-34.685555,6,t7,3,6
940,23.27351,-11.2716255,5,t6,0,5
941,20.382437,21.480791,4,t5,7,4
942,-41.72397,4.2858334,2,t3,1,2
943,-1.1452427,42.16039,1,t2,4,1
944,22.899761,-8.800412,5,t6,0,5
945,-44.165215,-0.29006073,2,t3,1,2
946,-44.17176,-5.7566996,2,t3,1,2
947,36.32879,18.007866,4,t5,7,4
948,1.3297246,45.038418,1,t2,4,1
949,-4.0061975,5.3359437,3,t4,2,3
950,3.6615217,-13.73959,3,t4,2,3
951,42.036785,-7.861939,5,t6,0,5
952,13.781262,32.71886,1,t2,4,1
953,17.99365,28.401392,4,t5,4,1
954,-6.823556,-9.1806345,3,t4,2,3
955,-22.178068,20.368225,0,t1,5,0
956,0.89723086,14.022197,3,t4,2,3
957,-16.313313,-33.630177,6,t7,3,6
958,1.7497,45.122166,1,t2,4,1
959,-20.150364,22.301428,0,t1,5,0
960,-10.738828,-20.067404,6,t7,3,6
961,-40.283566,-10.435862,2,t3,1,2
962,18.700779,-38.15247,7,t8,6,7
963,32.408176,-11.612438,5,t6,0,5
964,39.298798,-12.483058,5,t6,0,5
965,-39.942436,-4.5170627,2,t3,1,2
966,-5.361369,-2.7021313,7,t8,2,3
967,11.306371,35.904896,1,t2,4,1
968,-40.503098,0.21736301,2,t3,1,2
969,-37.381584,20.930965,0,t1,5,0
970,31.968147,-11.898652,5,t6,0,5
971,-29.383907,15.035358,0,t1,5,0
972,10.330983,-31.99057,7,t8,6,7
973,35.181778,20.149364,4,t5,7,4
974,1.1918881,45.37527,1,t2,4,1
975,35.849,11.574114,4,t5,7,4
976,-1.4601858,11.382924,7,t8,2,3
977,5.6600537,-34.3164,7,t8,6,7
978,1.1022474,11.33251,3,t4,2,3
979,-33.88974,-10.834043,2,t3,1,2
980,32.926643,-11.915376,5,t6,0,5
981,11.892781,33.45841,1,t2,4,1
982,-12.536386,-21.98943,6,t7,3,6
983,-1.5161892,-5.9929214,3,t4,2,3
984,-23.44491,15.983696,0,t1,5,0
985,-36.731766,22.716946,0,t1,5,0
986,-24.800352,14.508844,0,t1,5,0
987,-20.961397,22.52853,0,t1,5,0
988,20.180176,26.481777,4,t5,7,4
989,4.236669,-13.096262,3,t4,2,3
990,40.189888,-12.855704,5,t6,0,5
991,-0.68165255,-4.9406796,3,t4,2,3
992,-44.48943,-5.4821544,2,t3,1,2
993,37.587162,7.567762,4,t5,7,4
994,-7.0202556,-13.970146,3,t4,2,3
995,5.8636103,-29.836128,7,t8,6,7
996,19.49509,25.970596,4,t5,7,4
997,-44.278618,-9.605636,2,t3,1,2
998,-20.845352,20.647186,0,t1,5,0
999,-20.411705,-30.423834,6,t7,3,6
1000,-30.955141,20.58392,0,t1,5,0
1001,-21.314249,21.173464,0,t1,5,0
1002,-33.798912,-10.973771,2,t3,1,2
1003,-32.316082,-14.242409,6,t7,3,6
1004,29.303215,-13.6751995,5,t6,0,5
1005,-0.5966849,15.377512,3,t4,2,3
1006,11.700523,36.10194,1,t2,4,1
1007,14.119744,32.409798,1,t2,4,1
1008,-23.752693,16.317583,0,t1,5,0
1009,19.254684,-1.1044636,5,t6,0,5
1010,39.624874,-13.582593,5,t6,0,5
1011,38.63176,10.1453905,4,t5,7,4
1012,-38.313187,-7.731718,2,t3,1,2
1013,19.087864,23.38294,4,t5,7,4
1014,-0.030903297,42.62254,1,t2,4,1
1015,23.962992,-8.583357,5,t6,0,5
1016,39.20398,-12.943539,5,t6,0,5
1017,18.67306,-2.6365042,5,t6,0,5
1018,-41.787155,2.1511233,2,t3,1,2
1019,10.145403,-32.251568,7,t8,6,7
1020,-31.839157,-13.840376,6,t7,3,6
1021,38.561253,9.596878,4,t5,7,4
1022,0.16868329,14.259216,3,t4,2,3
1023,19.908175,26.502487,4,t5,7,4
1024,0.6799335,44.132645,1,t2,4,1
1025,-6.601494,-10.323491,3,t4,2,3
1026,6.0977325,-34.964314,7,t8,6,7
1027,15.2708025,30.99505,1,t2,4,1
1028,-30.391424,-14.138352,6,t7,3,6
1029,15.839633,30.140144,1,t2,4,1
1030,21.259232,-1.8063759,5,t6,0,5
1031,-1.4856952,-5.9915533,3,t4,2,3
1032,3.7420626,-14.0999155,3,t4,2,3
1033,0.84602153,14.187935,3,t4,2,3
1034,46.304474,-11.213441,5,t6,0,5
1035,38.939148,-13.315615,5,t6,0,5
1036,22.798395,-8.754189,5,t6,0,5
1037,3.6517985,-14.185843,3,t4,2,3
1038,-2.9019957,4.7743373,3,t4,2,3
1039,-12.472824,-21.92111,6,t7,3,6
1040,14.695593,32.931133,1,t2,4,1
1041,-24.621294,14.520333,0,t1,5,0
1042,-29.308788,-14.375818,6,t7,3,6
1043,-1.6346458,11.667305,7,t8,2,3
1044,32.98076,-13.197238,5,t6,0,5
1045,0.40116698,45.001175,1,t2,4,1
1046,-42.25718,0.9009347,2,t3,1,2
1047,-0.54834926,10.687859,7,t8,2,3
1048,-40.23029,-6.2790794,2,t3,1,2
1049,19.48491,22.039927,4,t5,7,4
1050,-42.931335,-2.2384276,2,t3,1,2
1051,21.33076,-0.6674918,5,t6,0,5
1052,-45.85655,-0.3717652,2,t3,1,2
1053,-16.905193,-34.23087,6,t7,3,6
1054,-31.015284,20.162998,0,t1,5,0
1055,-3.9831433,-3.3928256,3,t4,2,3
1056,-13.309779,-29.325035,6,t7,3,6
1057,22.945786,-8.553255,5,t6,0,5
1058,20.932945,-1.4515326,5,t6,0,5
1059,45.296665,-10.777333,5,t6,0,5
1060,-6.33059,3.5574684,3,t4,2,3
1061,-42.233364,0.9706383,2,t3,1,2
1062,14.635436,33.993797,1,t2,4,1
1063,-2.4703488,4.673123,3,t4,2,3
1064,-14.365986,-31.940306,6,t7,3,6
1065,-0.20764138,13.570006,3,t4,2,3
1066,-43.841686,-10.3641815,2,t3,1,2
1067,6.4012995,40.017445,1,t2,4,1
1068,-9.985545,-18.53491,6,t7,3,6
1069,21.245691,23.9172,4,t5,7,4
1070,39.661472,-12.674547,5,t6,0,5
1071,33.22583,-13.235514,5,t6,0,5
1072,-20.469543,23.558126,0,t1,5,0
1073,-32.52418,-14.498932,6,t7,3,6
1074,30.69739,-14.50156,5,t6,0,5
1075,33.138195,-12.599357,5,t6,0,5
1076,-7.0378246,-9.710886,3,t4,2,3
1077,9.845514,33.960793,1,t2,4,1
1078,-43.623215,-8.982489,2,t3,1,2
1079,9.749059,33.680912,1,t2,4,1
1080,39.447918,-13.428339,5,t6,0,5
1081,-5.0426464,-2.0375164,7,t8,2,3
1082,-16.519455,-33.12406,6,t7,3,6
1083,-17.067884,-33.7122,6,t7,3,6
1084,-43.37858,-10.43519,2,t3,1,2
1085,7.9284496,-36.3331,7,t8,6,7
1086,32.33196,-11.232874,5,t6,0,5
1087,-31.444067,-14.002534,6,t7,3,6
1088,-37.07097,22.053713,0,t1,5,0
1089,-6.5277967,2.7275026,3,t4,2,3
1090,-5.7716017,2.280194,3,t4,2,3
1091,20.685497,-1.3602486,5,t6,0,5
1092,36.375042,17.869673,4,t5,7,4
1093,39.737076,-12.794907,5,t6,0,5
1094,45.905403,-10.639212,5,t6,0,5
1095,45.682835,-10.833159,5,t6,0,5
1096,16.196428,-36.073982,7,t8,6,7
1097,37.571835,7.4674416,4,t5,7,4
1098,-18.264978,-32.667187,6,t7,3,6
1099,45.366776,-11.187373,5,t6,0,5
1100,13.022684,32.292744,1,t2,4,1
1101,19.129623,22.371225,4,t5,7,4
1102,23.91702,-8.783639,5,t6,0,5
1103,-30.497133,17.910425,0,t1,5,0
1104,-45.97354,-0.122132085,2,t3,1,2
1105,42.22977,-7.3383765,5,t6,0,5
1106,23.862371,-9.020565,5,t6,0,5
1107,34.02348,-12.78618,5,t6,0,5
1108,-0.19342732,11.268486,7,t8,2,3
1109,-19.431654,-31.99962,6,t7,3,6
1110,35.833218,18.467394,4,t5,7,4
1111,-44.301685,-1.4906315,2,t3,1,2
1112,-41.99428,1.6156508,2,t3,1,2
1113,18.09567,-36.122223,7,t8,6,7
1114,22.882658,-8.830072,5,t6,0,5
1115,7.6550097,-25.81909,7,t8,6,7
1116,11.5578165,-31.928526,7,t8,6,7
1117,-0.8969954,42.058212,1,t2,4,1
1118,6.041104,-29.774515,7,t8,6,7
1119,-19.817654,-30.706528,6,t7,3,6
1120,-37.623993,19.805162,0,t1,5,0
1121,16.185215,29.888727,1,t2,4,1
1122,-29.616323,14.982025,0,t1,5,0
1123,37.14856,15.584148,4,t5,7,4
1124,-36.894157,22.140785,0,t1,5,0
1125,-20.445913,20.86329,0,t1,5,0
1126,37.04767,7.870013,4,t5,7,4
1127,45.70065,-11.773,5,t6,0,5
1128,38.06341,10.147298,4,t5,7,4
1129,0.94446653,45.306736,1,t2,4,1
1130,-21.07392,21.08944,0,t1,5,0
1131,4.126122,-14.087719,3,t4,2,3
1132,-15.183533,-28.85282,6,t7,3,6
1133,8.6996975,-36.165543,7,t8,6,7
1134,-37.053432,22.010853,0,t1,5,0
1135,1.8359494,42.973137,1,t2,4,1
1136,34.487183,19.265413,4,t5,7,4
1137,21.171198,-0.67889,5,t6,0,5
1138,30.046717,23.208982,4,t5,7,4
1139,18.907791,-36.823517,7,t8,6,7
1140,19.167187,-1.8042547,5,t6,0,5
1141,39.935886,-13.145165,5,t6,0,5
1142,-0.584913,42.67549,1,t2,4,1
1143,18.696527,-2.5362725,5,t6,0,5
1144,-10.501046,-19.362104,6,t7,3,6
1145,32.19804,-12.037331,5,t6,0,5
1146,37.220974,7.9481444,4,t5,7,4
1147,42.389725,-7.4911265,5,t6,0,5
1148,-5.800104,2.3713593,3,t4,2,3
1149,42.485004,-7.223238,5,t6,0,5
1150,5.1677175,-35.0289,7,t8,6,7
1151,38.74519,-12.96074,5,t6,0,5
1152,-20.0767,21.80677,0,t1,5,0
1153,2.4993396,39.024025,1,t2,4,1
1154,33.071716,-11.407159,5,t6,0,5
1155,11.201582,-31.646486,7,t8,6,7
1156,6.7118964,-29.409883,7,t8,6,7
1157,30.448713,23.23573,4,t5,7,4
1158,-21.263407,23.599165,0,t1,5,0
1159,1.7861613,45.258972,1,t2,4,1
1160,-30.649944,-14.102007,6,t7,3,6
1161,-29.630512,14.50495,0,t1,5,0
1162,-6.2510567,-14.119835,3,t4,2,3
1163,21.506374,-1.9605407,5,t6,0,5
1164,-0.9173267,-5.4966145,3,t4,2,3
1165,20.066599,26.539356,4,t5,7,4
1166,0.19004834,14.055616,3,t4,2,3
1167,-6.039478,-9.9949,3,t4,2,3
1168,37.340836,7.871328,4,t5,7,4
1169,12.696703,34.88858,1,t2,4,1
1170,16.71169,-36.575176,7,t8,6,7
1171,12.719633,35.544617,1,t2,4,1
1172,-36.96196,22.507355,0,t1,5,0
1173,-34.232334,-7.6086283,2,t3,1,2
1174,32.287067,-12.653914,5,t6,0,5
1175,-34.34744,-10.515029,2,t3,1,2
1176,-5.556475,-3.0070531,7,t8,2,3
1177,36.764137,12.096467,4,t5,7,4
1178,1.3864833,45.01435,1,t2,4,1
1179,-36.33058,22.502153,0,t1,5,0
1180,-24.317308,21.194712,0,t1,5,0
1181,-18.214201,-32.37497,6,t7,3,6
1182,-15.260161,-28.32434,6,t7,3,6
1183,15.005305,33.352245,1,t2,4,1
1184,4.455118,-14.4814205,3,t4,2,3
1185,-30.757488,18.393282,0,t1,5,0
1186,-23.992655,17.519388,0,t1,5,0
1187,4.2451696,-14.221361,3,t4,2,3
1188,19.1994,26.279736,4,t5,7,4
1189,-7.0718966,-8.82858,3,t4,2,3
1190,29.131336,-13.41253,5,t6,0,5
1191,-4.5859313,-5.576697,3,t4,2,3
1192,-43.739433,-10.194029,2,t3,1,2
1193,36.26531,17.532755,4,t5,7,4
1194,-6.4377284,-13.791162,3,t4,2,3
1195,-14.890063,-32.9042,6,t7,3,6
1196,19.291218,26.146648,4,t5,7,4
1197,-34.199684,-7.7572975,2,t3,1,2
1198,-2.8385928,7.467308,3,t4,2,3
1199,-0.66370887,42.655083,1,t2,4,1
1200,-16.918098,-32.753757,6,t7,3,6
1201,-37.78529,-9.974539,2,t3,1,2
1202,45.965755,-10.707142,5,t6,0,5
1203,29.139643,-13.056614,5,t6,0,5
1204,-13.641278,-29.758621,6,t7,3,6
1205,-43.72849,-3.0133612,2,t3,1,2
1206,7.962026,-36.361496,7,t8,6,7
