typology,curve,candidate_frame,window_start,window_end
b4,curve_00,13,10,16
b4,curve_00,14,11,17
b4,curve_00,15,12,18
b4,curve_00,16,13,19
b4,curve_00,17,14,20
b4,curve_00,29,26,32
b4,curve_00,30,27,33
b4,curve_00,53,50,56
b4,curve_00,54,51,57
b4,curve_01,13,10,16
b4,curve_01,14,11,17
b4,curve_01,15,12,18
b4,curve_01,16,13,19
b4,curve_01,17,14,20
b4,curve_01,18,15,21
b4,curve_01,28,25,31
b4,curve_01,29,26,32
b4,curve_01,30,27,33
b4,curve_01,53,50,56
b4,curve_01,54,51,57
b4,curve_02,12,9,15
b4,curve_02,13,10,16
b4,curve_02,14,11,17
b4,curve_02,15,12,18
b4,curve_02,16,13,19
b4,curve_02,17,14,20
b4,curve_02,28,25,31
b4,curve_02,29,26,32
b4,curve_02,30,27,33
b4,curve_02,31,28,34
b4,curve_02,49,46,52
b4,curve_02,53,50,56
b4,curve_02,54,51,57
b4,curve_03,13,10,16
b4,curve_03,14,11,17
b4,curve_03,15,12,18
b4,curve_03,16,13,19
b4,curve_03,17,14,20
b4,curve_03,18,15,21
b4,curve_03,19,16,22
b4,curve_03,53,50,56
b4,curve_03,54,51,57
b4,curve_04,13,10,16
b4,curve_04,14,11,17
b4,curve_04,15,12,18
b4,curve_04,16,13,19
b4,curve_04,27,24,30
b4,curve_04,28,25,31
b4,curve_04,29,26,32
b4,curve_04,30,27,33
b4,curve_04,52,49,55
b4,curve_04,53,50,56
b4,curve_05,13,10,16
b4,curve_05,14,11,17
b4,curve_05,15,12,18
b4,curve_05,16,13,19
b4,curve_05,28,25,31
b4,curve_05,29,26,32
b4,curve_05,30,27,33
b4,curve_05,52,49,55
b4,curve_05,53,50,56
b4,curve_06,12,9,15
b4,curve_06,13,10,16
b4,curve_06,14,11,17
b4,curve_06,15,12,18
b4,curve_06,16,13,19
b4,curve_06,17,14,20
b4,curve_06,28,25,31
b4,curve_06,29,26,32
b4,curve_06,30,27,33
b4,curve_06,31,28,34
b4,curve_06,49,46,52
b4,curve_06,53,50,56
b4,curve_06,54,51,57
b4,curve_07,13,10,16
b4,curve_07,14,11,17
b4,curve_07,15,12,18
b4,curve_07,16,13,19
b4,curve_07,17,14,20
b4,curve_07,18,15,21
b4,curve_07,29,26,32
b4,curve_07,30,27,33
b4,curve_07,53,50,56
b4,curve_07,54,51,57
b4,curve_08,12,9,15
b4,curve_08,13,10,16
b4,curve_08,14,11,17
b4,curve_08,15,12,18
b4,curve_08,16,13,19
b4,curve_08,17,14,20
b4,curve_08,29,26,32
b4,curve_08,30,27,33
b4,curve_08,31,28,34
b4,curve_08,49,46,52
b4,curve_08,53,50,56
b4,curve_08,54,51,57
b4,curve_09,12,9,15
b4,curve_09,13,10,16
b4,curve_09,14,11,17
b4,curve_09,15,12,18
b4,curve_09,16,13,19
b4,curve_09,17,14,20
b4,curve_09,29,26,32
b4,curve_09,30,27,33
b4,curve_09,31,28,34
b4,curve_09,49,46,52
b4,curve_09,53,50,56
b4,curve_09,54,51,57
b4,curve_10,12,9,15
b4,curve_10,13,10,16
b4,curve_10,14,11,17
b4,curve_10,15,12,18
b4,curve_10,16,13,19
b4,curve_10,17,14,20
b4,curve_10,23,20,26
b4,curve_10,24,21,27
b4,curve_10,25,22,28
b4,curve_10,26,23,29
b4,curve_10,52,49,55
b4,curve_11,13,10,16
b4,curve_11,14,11,17
b4,curve_11,15,12,18
b4,curve_11,16,13,19
b4,curve_11,17,14,20
b4,curve_11,18,15,21
b4,curve_11,29,26,32
b4,curve_11,30,27,33
b4,curve_11,53,50,56
b4,curve_11,54,51,57
b4,curve_12,13,10,16
b4,curve_12,14,11,17
b4,curve_12,15,12,18
b4,curve_12,16,13,19
b4,curve_12,27,24,30
b4,curve_12,28,25,31
b4,curve_12,29,26,32
b4,curve_12,30,27,33
b4,curve_12,52,49,55
b4,curve_12,53,50,56
b4,curve_13,13,10,16
b4,curve_13,14,11,17
b4,curve_13,15,12,18
b4,curve_13,16,13,19
b4,curve_13,17,14,20
b4,curve_13,18,15,21
b4,curve_13,28,25,31
b4,curve_13,29,26,32
b4,curve_13,30,27,33
b4,curve_13,53,50,56
b4,curve_14,13,10,16
b4,curve_14,14,11,17
b4,curve_14,15,12,18
b4,curve_14,16,13,19
b4,curve_14,17,14,20
b4,curve_14,18,15,21
b4,curve_14,28,25,31
b4,curve_14,29,26,32
b4,curve_14,30,27,33
b4,curve_14,53,50,56
b4,curve_15,13,10,16
b4,curve_15,14,11,17
b4,curve_15,15,12,18
b4,curve_15,16,13,19
b4,curve_15,17,14,20
b4,curve_15,18,15,21
b4,curve_15,29,26,32
b4,curve_15,30,27,33
b4,curve_15,53,50,56
b4,curve_15,54,51,57
b4,curve_16,13,10,16
b4,curve_16,14,11,17
b4,curve_16,15,12,18
b4,curve_16,16,13,19
b4,curve_16,23,20,26
b4,curve_16,24,21,27
b4,curve_16,25,22,28
b4,curve_16,26,23,29
b4,curve_16,27,24,30
b4,curve_16,28,25,31
b4,curve_16,29,26,32
b4,curve_16,52,49,55
b4,curve_16,53,50,56
b4,curve_17,12,9,15
b4,curve_17,13,10,16
b4,curve_17,14,11,17
b4,curve_17,15,12,18
b4,curve_17,16,13,19
b4,curve_17,17,14,20
b4,curve_17,28,25,31
b4,curve_17,29,26,32
b4,curve_17,30,27,33
b4,curve_17,31,28,34
b4,curve_17,49,46,52
b4,curve_17,53,50,56
b4,curve_17,54,51,57
b4,curve_18,12,9,15
b4,curve_18,13,10,16
b4,curve_18,14,11,17
b4,curve_18,15,12,18
b4,curve_18,16,13,19
b4,curve_18,23,20,26
b4,curve_18,24,21,27
b4,curve_18,25,22,28
b4,curve_18,26,23,29
b4,curve_18,28,25,31
b4,curve_18,29,26,32
b4,curve_18,47,44,50
b4,curve_18,48,45,51
b4,curve_18,52,49,55
b4,curve_19,13,10,16
b4,curve_19,14,11,17
b4,curve_19,15,12,18
b4,curve_19,16,13,19
b4,curve_19,17,14,20
b4,curve_19,18,15,21
b4,curve_19,29,26,32
b4,curve_19,30,27,33
b4,curve_19,53,50,56
b4,curve_19,54,51,57
b4,curve_20,13,10,16
b4,curve_20,14,11,17
b4,curve_20,15,12,18
b4,curve_20,16,13,19
b4,curve_20,23,20,26
b4,curve_20,24,21,27
b4,curve_20,25,22,28
b4,curve_20,26,23,29
b4,curve_20,27,24,30
b4,curve_20,28,25,31
b4,curve_20,29,26,32
b4,curve_20,52,49,55
b4,curve_20,53,50,56
b4,curve_21,13,10,16
b4,curve_21,14,11,17
b4,curve_21,15,12,18
b4,curve_21,16,13,19
b4,curve_21,17,14,20
b4,curve_21,18,15,21
b4,curve_21,28,25,31
b4,curve_21,29,26,32
b4,curve_21,30,27,33
b4,curve_21,53,50,56
b4,curve_22,13,10,16
b4,curve_22,14,11,17
b4,curve_22,15,12,18
b4,curve_22,16,13,19
b4,curve_22,27,24,30
b4,curve_22,28,25,31
b4,curve_22,29,26,32
b4,curve_22,30,27,33
b4,curve_22,52,49,55
b4,curve_22,53,50,56
b4,curve_23,13,10,16
b4,curve_23,14,11,17
b4,curve_23,15,12,18
b4,curve_23,16,13,19
b4,curve_23,17,14,20
b4,curve_23,18,15,21
b4,curve_23,28,25,31
b4,curve_23,29,26,32
b4,curve_23,30,27,33
b4,curve_23,53,50,56
b4,curve_23,54,51,57
b4,curve_24,13,10,16
b4,curve_24,14,11,17
b4,curve_24,15,12,18
b4,curve_24,16,13,19
b4,curve_24,17,14,20
b4,curve_24,18,15,21
b4,curve_24,28,25,31
b4,curve_24,29,26,32
b4,curve_24,30,27,33
b4,curve_24,53,50,56
b4,curve_25,13,10,16
b4,curve_25,14,11,17
b4,curve_25,15,12,18
b4,curve_25,16,13,19
b4,curve_25,17,14,20
b4,curve_25,18,15,21
b4,curve_25,28,25,31
b4,curve_25,29,26,32
b4,curve_25,30,27,33
b4,curve_25,53,50,56
b4,curve_25,54,51,57
b4,curve_26,12,9,15
b4,curve_26,13,10,16
b4,curve_26,14,11,17
b4,curve_26,15,12,18
b4,curve_26,16,13,19
b4,curve_26,23,20,26
b4,curve_26,24,21,27
b4,curve_26,25,22,28
b4,curve_26,26,23,29
b4,curve_26,52,49,55
b4,curve_27,12,9,15
b4,curve_27,13,10,16
b4,curve_27,14,11,17
b4,curve_27,15,12,18
b4,curve_27,16,13,19
b4,curve_27,23,20,26
b4,curve_27,24,21,27
b4,curve_27,25,22,28
b4,curve_27,26,23,29
b4,curve_27,52,49,55
b4,curve_28,12,9,15
b4,curve_28,13,10,16
b4,curve_28,14,11,17
b4,curve_28,15,12,18
b4,curve_28,16,13,19
b4,curve_28,17,14,20
b4,curve_28,28,25,31
b4,curve_28,29,26,32
b4,curve_28,30,27,33
b4,curve_28,31,28,34
b4,curve_28,49,46,52
b4,curve_28,53,50,56
b4,curve_28,54,51,57
b4,curve_29,13,10,16
b4,curve_29,14,11,17
b4,curve_29,15,12,18
b4,curve_29,16,13,19
b4,curve_29,27,24,30
b4,curve_29,28,25,31
b4,curve_29,29,26,32
b4,curve_29,30,27,33
b4,curve_29,52,49,55
b4,curve_29,53,50,56
b4,curve_30,12,9,15
b4,curve_30,13,10,16
b4,curve_30,14,11,17
b4,curve_30,15,12,18
b4,curve_30,16,13,19
b4,curve_30,23,20,26
b4,curve_30,24,21,27
b4,curve_30,25,22,28
b4,curve_30,26,23,29
b4,curve_30,47,44,50
b4,curve_30,48,45,51
b4,curve_30,52,49,55
b4,curve_30,53,50,56
b4,curve_31,12,9,15
b4,curve_31,13,10,16
b4,curve_31,14,11,17
b4,curve_31,15,12,18
b4,curve_31,16,13,19
b4,curve_31,17,14,20
b4,curve_31,28,25,31
b4,curve_31,29,26,32
b4,curve_31,30,27,33
b4,curve_31,31,28,34
b4,curve_31,49,46,52
b4,curve_31,53,50,56
b4,curve_31,54,51,57
b4,curve_32,12,9,15
b4,curve_32,13,10,16
b4,curve_32,14,11,17
b4,curve_32,15,12,18
b4,curve_32,16,13,19
b4,curve_32,17,14,20
b4,curve_32,29,26,32
b4,curve_32,30,27,33
b4,curve_32,31,28,34
b4,curve_32,49,46,52
b4,curve_32,53,50,56
b4,curve_32,54,51,57
b4,curve_33,12,9,15
b4,curve_33,13,10,16
b4,curve_33,14,11,17
b4,curve_33,15,12,18
b4,curve_33,16,13,19
b4,curve_33,17,14,20
b4,curve_33,23,20,26
b4,curve_33,24,21,27
b4,curve_33,25,22,28
b4,curve_33,26,23,29
b4,curve_33,51,48,54
b4,curve_33,52,49,55
b4,curve_33,53,50,56
b4,curve_34,12,9,15
b4,curve_34,13,10,16
b4,curve_34,14,11,17
b4,curve_34,15,12,18
b4,curve_34,16,13,19
b4,curve_34,17,14,20
b4,curve_34,28,25,31
b4,curve_34,29,26,32
b4,curve_34,30,27,33
b4,curve_34,31,28,34
b4,curve_34,49,46,52
b4,curve_34,53,50,56
b4,curve_34,54,51,57
b4,curve_35,13,10,16
b4,curve_35,14,11,17
b4,curve_35,15,12,18
b4,curve_35,16,13,19
b4,curve_35,27,24,30
b4,curve_35,28,25,31
b4,curve_35,29,26,32
b4,curve_35,30,27,33
b4,curve_35,52,49,55
b4,curve_35,53,50,56
b4,curve_36,13,10,16
b4,curve_36,14,11,17
b4,curve_36,15,12,18
b4,curve_36,16,13,19
b4,curve_36,17,14,20
b4,curve_36,18,15,21
b4,curve_36,28,25,31
b4,curve_36,29,26,32
b4,curve_36,30,27,33
b4,curve_36,53,50,56
b4,curve_36,54,51,57
b4,curve_37,13,10,16
b4,curve_37,14,11,17
b4,curve_37,15,12,18
b4,curve_37,16,13,19
b4,curve_37,27,24,30
b4,curve_37,28,25,31
b4,curve_37,29,26,32
b4,curve_37,30,27,33
b4,curve_37,52,49,55
b4,curve_37,53,50,56
b4,curve_38,13,10,16
b4,curve_38,14,11,17
b4,curve_38,15,12,18
b4,curve_38,16,13,19
b4,curve_38,17,14,20
b4,curve_38,18,15,21
b4,curve_38,28,25,31
b4,curve_38,29,26,32
b4,curve_38,30,27,33
b4,curve_38,53,50,56
b4,curve_38,54,51,57
b4,curve_39,12,9,15
b4,curve_39,13,10,16
b4,curve_39,14,11,17
b4,curve_39,15,12,18
b4,curve_39,16,13,19
b4,curve_39,23,20,26
b4,curve_39,24,21,27
b4,curve_39,25,22,28
b4,curve_39,26,23,29
b4,curve_39,52,49,55
b4,curve_40,13,10,16
b4,curve_40,14,11,17
b4,curve_40,15,12,18
b4,curve_40,16,13,19
b4,curve_40,17,14,20
b4,curve_40,18,15,21
b4,curve_40,19,16,22
b4,curve_40,53,50,56
b4,curve_40,54,51,57
b4,curve_41,14,11,17
b4,curve_41,15,12,18
b4,curve_41,16,13,19
b4,curve_41,17,14,20
b4,curve_41,18,15,21
b4,curve_41,24,21,27
b4,curve_41,25,22,28
b4,curve_41,26,23,29
b4,curve_41,27,24,30
b4,curve_41,28,25,31
b4,curve_41,29,26,32
b4,curve_41,30,27,33
b4,curve_41,53,50,56
b4,curve_41,54,51,57
b4,curve_42,13,10,16
b4,curve_42,14,11,17
b4,curve_42,15,12,18
b4,curve_42,16,13,19
b4,curve_42,27,24,30
b4,curve_42,28,25,31
b4,curve_42,29,26,32
b4,curve_42,30,27,33
b4,curve_42,52,49,55
b4,curve_42,53,50,56
b4,curve_43,13,10,16
b4,curve_43,14,11,17
b4,curve_43,15,12,18
b4,curve_43,16,13,19
b4,curve_43,27,24,30
b4,curve_43,28,25,31
b4,curve_43,29,26,32
b4,curve_43,30,27,33
b4,curve_43,52,49,55
b4,curve_43,53,50,56
b4,curve_44,13,10,16
b4,curve_44,14,11,17
b4,curve_44,15,12,18
b4,curve_44,16,13,19
b4,curve_44,27,24,30
b4,curve_44,28,25,31
b4,curve_44,29,26,32
b4,curve_44,30,27,33
b4,curve_44,52,49,55
b4,curve_44,53,50,56
b4,curve_45,12,9,15
b4,curve_45,13,10,16
b4,curve_45,14,11,17
b4,curve_45,15,12,18
b4,curve_45,16,13,19
b4,curve_45,23,20,26
b4,curve_45,24,21,27
b4,curve_45,25,22,28
b4,curve_45,26,23,29
b4,curve_45,52,49,55
b4,curve_45,53,50,56
b4,curve_46,13,10,16
b4,curve_46,14,11,17
b4,curve_46,15,12,18
b4,curve_46,16,13,19
b4,curve_46,17,14,20
b4,curve_46,18,15,21
b4,curve_46,19,16,22
b4,curve_46,53,50,56
b4,curve_46,54,51,57
b4,curve_47,13,10,16
b4,curve_47,14,11,17
b4,curve_47,15,12,18
b4,curve_47,16,13,19
b4,curve_47,17,14,20
b4,curve_47,18,15,21
b4,curve_47,29,26,32
b4,curve_47,30,27,33
b4,curve_47,53,50,56
b4,curve_47,54,51,57
b4,curve_48,12,9,15
b4,curve_48,13,10,16
b4,curve_48,14,11,17
b4,curve_48,15,12,18
b4,curve_48,16,13,19
b4,curve_48,23,20,26
b4,curve_48,24,21,27
b4,curve_48,25,22,28
b4,curve_48,26,23,29
b4,curve_48,47,44,50
b4,curve_48,48,45,51
b4,curve_48,52,49,55
b4,curve_48,53,50,56
b4,curve_49,13,10,16
b4,curve_49,14,11,17
b4,curve_49,15,12,18
b4,curve_49,16,13,19
b4,curve_49,27,24,30
b4,curve_49,28,25,31
b4,curve_49,29,26,32
b4,curve_49,30,27,33
b4,curve_49,52,49,55
b4,curve_49,53,50,56
b4,curve_50,12,9,15
b4,curve_50,13,10,16
b4,curve_50,14,11,17
b4,curve_50,15,12,18
b4,curve_50,16,13,19
b4,curve_50,23,20,26
b4,curve_50,24,21,27
b4,curve_50,25,22,28
b4,curve_50,26,23,29
b4,curve_50,47,44,50
b4,curve_50,48,45,51
b4,curve_50,52,49,55
b4,curve_50,53,50,56
b4,curve_51,13,10,16
b4,curve_51,14,11,17
b4,curve_51,15,12,18
b4,curve_51,16,13,19
b4,curve_51,17,14,20
b4,curve_51,18,15,21
b4,curve_51,19,16,22
b4,curve_51,53,50,56
b4,curve_51,54,51,57
b4,curve_52,13,10,16
b4,curve_52,14,11,17
b4,curve_52,15,12,18
b4,curve_52,16,13,19
b4,curve_52,17,14,20
b4,curve_52,18,15,21
b4,curve_52,28,25,31
b4,curve_52,29,26,32
b4,curve_52,30,27,33
b4,curve_52,53,50,56
b4,curve_52,54,51,57
b4,curve_53,13,10,16
b4,curve_53,14,11,17
b4,curve_53,15,12,18
b4,curve_53,16,13,19
b4,curve_53,17,14,20
b4,curve_53,18,15,21
b4,curve_53,28,25,31
b4,curve_53,29,26,32
b4,curve_53,30,27,33
b4,curve_53,53,50,56
b4,curve_53,54,51,57
b4,curve_54,12,9,15
b4,curve_54,13,10,16
b4,curve_54,14,11,17
b4,curve_54,15,12,18
b4,curve_54,16,13,19
b4,curve_54,17,14,20
b4,curve_54,29,26,32
b4,curve_54,30,27,33
b4,curve_54,49,46,52
b4,curve_54,53,50,56
b4,curve_54,54,51,57
b4,curve_55,13,10,16
b4,curve_55,14,11,17
b4,curve_55,15,12,18
b4,curve_55,16,13,19
b4,curve_55,23,20,26
b4,curve_55,24,21,27
b4,curve_55,25,22,28
b4,curve_55,52,49,55
b4,curve_55,53,50,56
b4,curve_56,13,10,16
b4,curve_56,14,11,17
b4,curve_56,15,12,18
b4,curve_56,16,13,19
b4,curve_56,17,14,20
b4,curve_56,29,26,32
b4,curve_56,30,27,33
b4,curve_56,53,50,56
b4,curve_56,54,51,57
b4,curve_57,12,9,15
b4,curve_57,13,10,16
b4,curve_57,14,11,17
b4,curve_57,15,12,18
b4,curve_57,16,13,19
b4,curve_57,17,14,20
b4,curve_57,28,25,31
b4,curve_57,29,26,32
b4,curve_57,30,27,33
b4,curve_57,31,28,34
b4,curve_57,49,46,52
b4,curve_57,53,50,56
b4,curve_57,54,51,57
b4,curve_58,12,9,15
b4,curve_58,13,10,16
b4,curve_58,14,11,17
b4,curve_58,15,12,18
b4,curve_58,16,13,19
b4,curve_58,17,14,20
b4,curve_58,29,26,32
b4,curve_58,30,27,33
b4,curve_58,31,28,34
b4,curve_58,49,46,52
b4,curve_58,53,50,56
b4,curve_58,54,51,57
b4,curve_59,13,10,16
b4,curve_59,14,11,17
b4,curve_59,15,12,18
b4,curve_59,16,13,19
b4,curve_59,27,24,30
b4,curve_59,28,25,31
b4,curve_59,29,26,32
b4,curve_59,30,27,33
b4,curve_59,52,49,55
b4,curve_59,53,50,56
b4,curve_60,12,9,15
b4,curve_60,13,10,16
b4,curve_60,14,11,17
b4,curve_60,15,12,18
b4,curve_60,16,13,19
b4,curve_60,17,14,20
b4,curve_60,29,26,32
b4,curve_60,30,27,33
b4,curve_60,31,28,34
b4,curve_60,49,46,52
b4,curve_60,53,50,56
b4,curve_60,54,51,57
b4,curve_61,12,9,15
b4,curve_61,13,10,16
b4,curve_61,14,11,17
b4,curve_61,15,12,18
b4,curve_61,16,13,19
b4,curve_61,17,14,20
b4,curve_61,29,26,32
b4,curve_61,30,27,33
b4,curve_61,31,28,34
b4,curve_61,49,46,52
b4,curve_61,53,50,56
b4,curve_61,54,51,57
b4,curve_62,13,10,16
b4,curve_62,14,11,17
b4,curve_62,15,12,18
b4,curve_62,27,24,30
b4,curve_62,28,25,31
b4,curve_62,29,26,32
b4,curve_62,52,49,55
b4,curve_62,53,50,56
b4,curve_63,13,10,16
b4,curve_63,14,11,17
b4,curve_63,15,12,18
b4,curve_63,16,13,19
b4,curve_63,23,20,26
b4,curve_63,24,21,27
b4,curve_63,25,22,28
b4,curve_63,26,23,29
b4,curve_63,27,24,30
b4,curve_63,28,25,31
b4,curve_63,29,26,32
b4,curve_63,52,49,55
b4,curve_63,53,50,56
b4,curve_64,13,10,16
b4,curve_64,14,11,17
b4,curve_64,15,12,18
b4,curve_64,16,13,19
b4,curve_64,17,14,20
b4,curve_64,18,15,21
b4,curve_64,29,26,32
b4,curve_64,30,27,33
b4,curve_64,53,50,56
b4,curve_64,54,51,57
b4,curve_65,12,9,15
b4,curve_65,13,10,16
b4,curve_65,14,11,17
b4,curve_65,15,12,18
b4,curve_65,16,13,19
b4,curve_65,23,20,26
b4,curve_65,24,21,27
b4,curve_65,25,22,28
b4,curve_65,26,23,29
b4,curve_65,52,49,55
b4,curve_66,12,9,15
b4,curve_66,13,10,16
b4,curve_66,14,11,17
b4,curve_66,15,12,18
b4,curve_66,16,13,19
b4,curve_66,23,20,26
b4,curve_66,24,21,27
b4,curve_66,25,22,28
b4,curve_66,26,23,29
b4,curve_66,52,49,55
b4,curve_66,53,50,56
b4,curve_67,13,10,16
b4,curve_67,14,11,17
b4,curve_67,15,12,18
b4,curve_67,16,13,19
b4,curve_67,17,14,20
b4,curve_67,29,26,32
b4,curve_67,30,27,33
b4,curve_67,53,50,56
b4,curve_67,54,51,57
b4,curve_68,12,9,15
b4,curve_68,13,10,16
b4,curve_68,14,11,17
b4,curve_68,15,12,18
b4,curve_68,16,13,19
b4,curve_68,17,14,20
b4,curve_68,28,25,31
b4,curve_68,29,26,32
b4,curve_68,30,27,33
b4,curve_68,31,28,34
b4,curve_68,49,46,52
b4,curve_68,53,50,56
b4,curve_68,54,51,57
b4,curve_69,12,9,15
b4,curve_69,13,10,16
b4,curve_69,14,11,17
b4,curve_69,15,12,18
b4,curve_69,16,13,19
b4,curve_69,17,14,20
b4,curve_69,29,26,32
b4,curve_69,30,27,33
b4,curve_69,31,28,34
b4,curve_69,49,46,52
b4,curve_69,53,50,56
b4,curve_69,54,51,57
b4,curve_70,12,9,15
b4,curve_70,13,10,16
b4,curve_70,14,11,17
b4,curve_70,15,12,18
b4,curve_70,16,13,19
b4,curve_70,23,20,26
b4,curve_70,24,21,27
b4,curve_70,25,22,28
b4,curve_70,26,23,29
b4,curve_70,52,49,55
b4,curve_71,12,9,15
b4,curve_71,13,10,16
b4,curve_71,14,11,17
b4,curve_71,15,12,18
b4,curve_71,16,13,19
b4,curve_71,23,20,26
b4,curve_71,24,21,27
b4,curve_71,25,22,28
b4,curve_71,26,23,29
b4,curve_71,47,44,50
b4,curve_71,48,45,51
b4,curve_71,52,49,55
b4,curve_71,53,50,56
b4,curve_72,12,9,15
b4,curve_72,13,10,16
b4,curve_72,14,11,17
b4,curve_72,15,12,18
b4,curve_72,16,13,19
b4,curve_72,17,14,20
b4,curve_72,29,26,32
b4,curve_72,30,27,33
b4,curve_72,31,28,34
b4,curve_72,49,46,52
b4,curve_72,53,50,56
b4,curve_72,54,51,57
b4,curve_73,13,10,16
b4,curve_73,14,11,17
b4,curve_73,15,12,18
b4,curve_73,16,13,19
b4,curve_73,23,20,26
b4,curve_73,24,21,27
b4,curve_73,25,22,28
b4,curve_73,27,24,30
b4,curve_73,28,25,31
b4,curve_73,29,26,32
b4,curve_73,52,49,55
b4,curve_73,53,50,56
b4,curve_74,13,10,16
b4,curve_74,14,11,17
b4,curve_74,15,12,18
b4,curve_74,16,13,19
b4,curve_74,28,25,31
b4,curve_74,29,26,32
b4,curve_74,30,27,33
b4,curve_74,52,49,55
b4,curve_74,53,50,56
b4,curve_75,14,11,17
b4,curve_75,15,12,18
b4,curve_75,16,13,19
b4,curve_75,17,14,20
b4,curve_75,18,15,21
b4,curve_75,24,21,27
b4,curve_75,25,22,28
b4,curve_75,26,23,29
b4,curve_75,27,24,30
b4,curve_75,28,25,31
b4,curve_75,29,26,32
b4,curve_75,30,27,33
b4,curve_75,53,50,56
b4,curve_75,54,51,57
b4,curve_76,13,10,16
b4,curve_76,14,11,17
b4,curve_76,15,12,18
b4,curve_76,16,13,19
b4,curve_76,52,49,55
b4,curve_76,53,50,56
b4,curve_77,12,9,15
b4,curve_77,13,10,16
b4,curve_77,14,11,17
b4,curve_77,15,12,18
b4,curve_77,16,13,19
b4,curve_77,23,20,26
b4,curve_77,24,21,27
b4,curve_77,25,22,28
b4,curve_77,26,23,29
b4,curve_77,52,49,55
b4,curve_78,13,10,16
b4,curve_78,14,11,17
b4,curve_78,15,12,18
b4,curve_78,16,13,19
b4,curve_78,17,14,20
b4,curve_78,18,15,21
b4,curve_78,28,25,31
b4,curve_78,29,26,32
b4,curve_78,30,27,33
b4,curve_78,53,50,56
b4,curve_78,54,51,57
b4,curve_79,12,9,15
b4,curve_79,13,10,16
b4,curve_79,14,11,17
b4,curve_79,15,12,18
b4,curve_79,16,13,19
b4,curve_79,17,14,20
b4,curve_79,28,25,31
b4,curve_79,29,26,32
b4,curve_79,30,27,33
b4,curve_79,31,28,34
b4,curve_79,49,46,52
b4,curve_79,53,50,56
b4,curve_79,54,51,57
b4,curve_80,13,10,16
b4,curve_80,14,11,17
b4,curve_80,15,12,18
b4,curve_80,16,13,19
b4,curve_80,27,24,30
b4,curve_80,28,25,31
b4,curve_80,29,26,32
b4,curve_80,30,27,33
b4,curve_80,52,49,55
b4,curve_80,53,50,56
b4,curve_81,13,10,16
b4,curve_81,14,11,17
b4,curve_81,15,12,18
b4,curve_81,16,13,19
b4,curve_81,17,14,20
b4,curve_81,18,15,21
b4,curve_81,53,50,56
b4,curve_81,54,51,57
b4,curve_82,12,9,15
b4,curve_82,13,10,16
b4,curve_82,14,11,17
b4,curve_82,15,12,18
b4,curve_82,16,13,19
b4,curve_82,23,20,26
b4,curve_82,24,21,27
b4,curve_82,25,22,28
b4,curve_82,26,23,29
b4,curve_82,47,44,50
b4,curve_82,48,45,51
b4,curve_82,52,49,55
b4,curve_82,53,50,56
b4,curve_83,13,10,16
b4,curve_83,14,11,17
b4,curve_83,15,12,18
b4,curve_83,16,13,19
b4,curve_83,17,14,20
b4,curve_83,18,15,21
b4,curve_83,28,25,31
b4,curve_83,29,26,32
b4,curve_83,30,27,33
b4,curve_83,53,50,56
b4,curve_83,54,51,57
b4,curve_84,13,10,16
b4,curve_84,14,11,17
b4,curve_84,15,12,18
b4,curve_84,16,13,19
b4,curve_84,23,20,26
b4,curve_84,24,21,27
b4,curve_84,25,22,28
b4,curve_84,52,49,55
b4,curve_84,53,50,56
b4,curve_85,12,9,15
b4,curve_85,13,10,16
b4,curve_85,14,11,17
b4,curve_85,15,12,18
b4,curve_85,16,13,19
b4,curve_85,23,20,26
b4,curve_85,24,21,27
b4,curve_85,25,22,28
b4,curve_85,26,23,29
b4,curve_85,52,49,55
b4,curve_85,53,50,56
b4,curve_86,13,10,16
b4,curve_86,14,11,17
b4,curve_86,15,12,18
b4,curve_86,16,13,19
b4,curve_86,17,14,20
b4,curve_86,18,15,21
b4,curve_86,29,26,32
b4,curve_86,30,27,33
b4,curve_86,53,50,56
b4,curve_86,54,51,57
b4,curve_87,13,10,16
b4,curve_87,14,11,17
b4,curve_87,15,12,18
b4,curve_87,16,13,19
b4,curve_87,17,14,20
b4,curve_87,18,15,21
b4,curve_87,29,26,32
b4,curve_87,30,27,33
b4,curve_87,53,50,56
b4,curve_87,54,51,57
b4,curve_88,13,10,16
b4,curve_88,14,11,17
b4,curve_88,15,12,18
b4,curve_88,16,13,19
b4,curve_88,17,14,20
b4,curve_88,18,15,21
b4,curve_88,29,26,32
b4,curve_88,30,27,33
b4,curve_88,53,50,56
b4,curve_88,54,51,57
b4,curve_89,12,9,15
b4,curve_89,13,10,16
b4,curve_89,14,11,17
b4,curve_89,15,12,18
b4,curve_89,16,13,19
b4,curve_89,23,20,26
b4,curve_89,24,21,27
b4,curve_89,25,22,28
b4,curve_89,26,23,29
b4,curve_89,28,25,31
b4,curve_89,29,26,32
b4,curve_89,47,44,50
b4,curve_89,52,49,55
b4,curve_90,13,10,16
b4,curve_90,14,11,17
b4,curve_90,15,12,18
b4,curve_90,16,13,19
b4,curve_90,27,24,30
b4,curve_90,28,25,31
b4,curve_90,29,26,32
b4,curve_90,30,27,33
b4,curve_90,52,49,55
b4,curve_90,53,50,56
b4,curve_91,13,10,16
b4,curve_91,14,11,17
b4,curve_91,15,12,18
b4,curve_91,16,13,19
b4,curve_91,17,14,20
b4,curve_91,18,15,21
b4,curve_91,28,25,31
b4,curve_91,29,26,32
b4,curve_91,30,27,33
b4,curve_91,52,49,55
b4,curve_91,53,50,56
b4,curve_92,13,10,16
b4,curve_92,14,11,17
b4,curve_92,15,12,18
b4,curve_92,16,13,19
b4,curve_92,27,24,30
b4,curve_92,28,25,31
b4,curve_92,29,26,32
b4,curve_92,52,49,55
b4,curve_92,53,50,56
b4,curve_93,12,9,15
b4,curve_93,13,10,16
b4,curve_93,14,11,17
b4,curve_93,15,12,18
b4,curve_93,16,13,19
b4,curve_93,23,20,26
b4,curve_93,24,21,27
b4,curve_93,25,22,28
b4,curve_93,26,23,29
b4,curve_93,52,49,55
b4,curve_94,13,10,16
b4,curve_94,14,11,17
b4,curve_94,15,12,18
b4,curve_94,16,13,19
b4,curve_94,17,14,20
b4,curve_94,18,15,21
b4,curve_94,28,25,31
b4,curve_94,29,26,32
b4,curve_94,30,27,33
b4,curve_94,53,50,56
b4,curve_94,54,51,57
b4,curve_95,12,9,15
b4,curve_95,13,10,16
b4,curve_95,14,11,17
b4,curve_95,15,12,18
b4,curve_95,16,13,19
b4,curve_95,23,20,26
b4,curve_95,24,21,27
b4,curve_95,25,22,28
b4,curve_95,26,23,29
b4,curve_95,47,44,50
b4,curve_95,48,45,51
b4,curve_95,52,49,55
b4,curve_95,53,50,56
b4,curve_96,12,9,15
b4,curve_96,13,10,16
b4,curve_96,14,11,17
b4,curve_96,15,12,18
b4,curve_96,16,13,19
b4,curve_96,23,20,26
b4,curve_96,24,21,27
b4,curve_96,25,22,28
b4,curve_96,26,23,29
b4,curve_96,52,49,55
b4,curve_96,53,50,56
b4,curve_97,12,9,15
b4,curve_97,13,10,16
b4,curve_97,14,11,17
b4,curve_97,15,12,18
b4,curve_97,16,13,19
b4,curve_97,23,20,26
b4,curve_97,24,21,27
b4,curve_97,25,22,28
b4,curve_97,26,23,29
b4,curve_97,47,44,50
b4,curve_97,48,45,51
b4,curve_97,52,49,55
b4,curve_97,53,50,56
b4,curve_98,13,10,16
b4,curve_98,14,11,17
b4,curve_98,15,12,18
b4,curve_98,16,13,19
b4,curve_98,27,24,30
b4,curve_98,28,25,31
b4,curve_98,29,26,32
b4,curve_98,30,27,33
b4,curve_98,52,49,55
b4,curve_98,53,50,56
b4,curve_99,13,10,16
b4,curve_99,14,11,17
b4,curve_99,15,12,18
b4,curve_99,16,13,19
b4,curve_99,27,24,30
b4,curve_99,28,25,31
b4,curve_99,29,26,32
b4,curve_99,30,27,33
b4,curve_99,52,49,55
b4,curve_99,53,50,56
